1,2,3,4,5,6,7,8,9,10,11,12,13,14,15,16,17,18,19,20,21,22,23,24,25,26,27,28,29,30
0,-52,-43.5,-64,-54,-63,-49.11,0,-48.82,-75,-71.07,-77.5,-40.18,-51.96,0,-62.95,-33.5,-55,-58,-75,-63.5,0,-67,-80,-53.12,-71.26,-32.46,-68.8,0,-62.55
0,-51.36,-40.96,-60.07,-53.35,-72.13,-52,0,-50,-83.5,-76,-78,-39.96,-51.96,0,-60.23,-33.5,-55.71,-58.25,-71,-59,0,-70.67,-81,-52.54,-73.47,-32.63,-71.53,0,-62.59
0,-50.04,-41.54,-61.1,-52.86,-73.38,-46.73,0,-48.13,-77.5,-75.21,-81.46,-41.6,-51.91,0,-59.91,-33.95,-55.81,-60,-72,-58,0,-71,-82,-52.47,-74,-32.59,-73,0,-61.9
0,-50.27,-41,-61.17,-53.43,-72.9,-43.96,0,-49.73,-69.44,-72.04,-85.04,-39,-52,0,-61,-34,-56,-59,-68.5,-60.5,0,-71,-80.5,-52.88,-72.35,-32.2,-72.4,0,-61.93
0,-50.75,-38.33,-60.67,-54,-73,-42.25,0,-45.75,-70.33,-72.5,-85,-40.11,-51.82,0,-60.7,-33.61,-55.57,-59,-69,-59.67,0,-70.67,-79.5,-52.82,-72,-32.11,-71.57,0,-61.68
0,-50.23,-39.12,-61.24,-53.17,-72.9,-49,0,-50.5,-70,-72,-85.5,-40.81,-51.42,0,-60.45,-33.74,-55.67,-58.75,-69.67,-59.5,0,-71,-78.5,-52.4,-71.86,-32.29,-71.92,0,-61.69
0,-50.5,-47,-62,-54,-73.5,-46.82,0,-50.71,-70.07,-72.21,-83.61,-39,-52,0,-60,-33.5,-55.67,-58.57,-68.93,-59.64,0,-70.93,-77.75,-53,-72,-32.14,-71.89,0,-61.68
0,-49.43,-38.79,-61.11,-53.39,-72.7,-44.9,0,-48.2,-70,-72.63,-84.5,-40.71,-51.64,0,-60.21,-33.71,-55.64,-58.75,-69,-59.5,0,-70,-78,-52.46,-71.63,-32.54,-71.58,0,-62.21
0,-47.33,-39.95,-61.1,-53.82,-72.74,-41.5,0,-49.76,-69.76,-72.33,-83.53,-40.25,-51.75,0,-60.6,-34.05,-55.68,-58.5,-68.74,-59.47,0,-71.11,-78.13,-52.04,-72.14,-32.36,-72,0,-61.64
0,-48.39,-41.3,-60.91,-53.56,-72.63,-46.89,0,-49.18,-68.79,-72.81,-84.16,-38,-50.6,0,-60.17,-34.29,-56,-58.32,-68.14,-59.54,0,-71.07,-77.92,-51.86,-72.25,-32.57,-71.54,0,-62
0,-51.5,-38.5,-60,-54,-74.5,-47,0,-48.04,-67.54,-73,-83.36,-40.71,-51.71,0,-60.07,-33.68,-56.11,-59,-67,-58.5,0,-71,-85,-48.5,-72.5,-32.33,-72,0,-62
0,-50.67,-44.33,-60.88,-53.47,-73.47,-45,0,-50,-68,-73,-82.5,-38.71,-51.9,0,-60.57,-33.96,-55.79,-58.55,-67.57,-59.42,0,-70.68,-79.63,-52.56,-71.5,-32.23,-71.41,0,-61.74
0,-51.5,-43.5,-61.06,-53.67,-72.71,-48,0,-47.81,-67.5,-73.75,-84.45,-42.61,-51.89,0,-59.6,-33.77,-55.82,-58,-70,-59,0,-73,-83,-52.5,-73,-32,-72.5,0,-62
0,-49.1,-40.24,-60.95,-53.24,-72.86,-45.15,0,-48.73,-67.6,-72.06,-84.92,-39.5,-52.5,0,-60,-34,-56,-58.74,-67.33,-59.59,0,-71.1,-78.19,-51.75,-71.77,-32.3,-72.06,0,-62
0,-51,-39,-60.8,-54,-74,-44.29,0,-48.71,-67.86,-72.74,-85.52,-38,-52,0,-60.5,-33.5,-56,-58.32,-67.36,-59.25,0,-70.71,-78.21,-52.61,-72.88,-32.32,-72,0,-62.18
0,-50.67,-41.67,-61,-54,-73,-46.96,0,-49.36,-67.89,-72.79,-85.64,-39.82,-51.71,0,-60.46,-33.61,-55.79,-59,-68,-59,0,-71,-79,-52.5,-72,-33,-72,0,-62
0,-47,-37.43,-61,-54,-73,-44.19,0,-48.68,-67.52,-73.09,-85.18,-39.14,-52.19,0,-60.26,-33.96,-56.13,-59,-68,-59.5,0,-71,-77,-52.5,-72,-32,-72,0,-62.5
0,-51.15,-42.16,-61.16,-53.15,-72.3,-45.5,0,-40.5,-68,-74,-86,-41.86,-52.14,0,-59.63,-33.29,-55.72,-58.9,-67.5,-58.67,0,-71.63,-81.83,-52.33,-73.4,-32.08,-72.5,0,-62.19
0,-49.39,-41.48,-61.11,-53.36,-72.64,-46.33,0,-39,-68,-74,-87,-40.57,-51.81,0,-59.87,-33.67,-56.2,-58.46,-66.75,-58.63,0,-71.14,-79.93,-52.33,-72,-32,-71.5,0,-62.67
0,-51.38,-42.45,-61.21,-53.24,-72.67,-47.1,0,-46.8,-67.43,-73.17,-84.33,-40,-51.38,0,-60,-33.7,-55.6,-58.43,-66.86,-58.6,0,-71.62,-79.39,-52,-72,-33,-72,0,-65
0,-49.78,-40.23,-61.1,-53.5,-73.5,-45.67,0,-46,-68,-73,-85,-39,-50.95,0,-60.5,-33.75,-56,-58.53,-67.56,-59.63,0,-70.44,-78,-51.94,-72.42,-32.4,-72,0,-61.88
0,-49.75,-41.89,-60.89,-53.41,-72.88,-46.29,0,-45.86,-68.3,-72.63,-85.81,-39.52,-51,0,-60,-33.48,-55.86,-58.5,-67.5,-59.25,0,-71.5,-79,-52.38,-72.55,-32.33,-71.67,0,-62.24
0,-50.33,-40.57,-61,-53.17,-73,-47.8,0,-50.8,-68,-72.75,-85.8,-41.29,-50.17,0,-59.5,-33.67,-56.17,-59,-68,-58,0,-71,-78,-51.86,-72.61,-32.21,-72.43,0,-62.29
0,-51.5,-47.5,-61,-53,-72,-47,0,-48.61,-67.64,-73,-85.64,-39,-50.5,0,-61,-33,-55,-57.5,-67.5,-59.5,0,-70.5,-78,-52.18,-72.36,-32.25,-72.14,0,-62.18
0,-48.33,-42,-61.5,-53,-73,-47,0,-49.67,-68.83,-72.75,-85,-38.92,-51.7,0,-60.42,-33.79,-55.96,-58,-67,-59.5,0,-71,-78,-48.5,-72.33,-32,-71.33,0,-61.6
0,-49.21,-40.36,-61,-53.61,-72.93,-45.18,0,-49.57,-68.55,-72.55,-85.52,-38,-51,0,-60,-34,-56,-58.6,-67.57,-59.33,0,-70.92,-77.55,-52.79,-72.04,-32.29,-71.85,0,-61.89
0,-51,-41.25,-60.67,-54,-73,-47.19,0,-49.81,-68.23,-73.09,-85.9,-40.75,-51.54,0,-59.82,-33.54,-55.89,-58.25,-67.14,-59.04,0,-71.75,-78.54,-52.11,-72.59,-32.29,-72.32,0,-62.29
0,-50,-38,-60.8,-53.33,-73,-47.25,0,-45.67,-67.75,-72.33,-85.25,-40.86,-52,0,-60.15,-33.46,-55.71,-58.36,-67.43,-59.36,0,-71.14,-77.29,-52.61,-72.5,-32.5,-71.71,0,-62.32
0,-47.5,-43,-61,-53.5,-73,-40.5,0,-51.5,-68.5,-72.5,-86,-42.18,-51.54,0,-60.04,-33.93,-55.93,-58.96,-67.11,-58.75,0,-71.64,-78.79,-51.14,-72.68,-32.43,-72.11,0,-62.32
0,-50.67,-43.57,-62,-53.75,-73,-44.5,0,-48,-67,-73,-84.5,-40.46,-51.64,0,-59.96,-33.61,-55.82,-59,-68,-59,0,-71.25,-79,-52.5,-72,-32.25,-71.5,0,-62.5
0,-51.4,-38.2,-61,-54,-73,-40.25,0,-49.83,-67.5,-72,-84.75,-41,-52,0,-60,-34,-55.83,-58.36,-67.54,-59.07,0,-70.93,-78.36,-51.79,-72.32,-32.14,-72.14,0,-61.89
0,-49.5,-48,-61.5,-53.5,-72,-46.82,0,-48.75,-67.29,-73.54,-85.21,-41.75,-51.43,0,-59.64,-33.79,-55.79,-59,-66.91,-58.82,0,-71.36,-78.67,-53,-72.5,-33,-73,0,-62
0,-51.38,-40.68,-61.39,-53.27,-72.61,-49,0,-51,-67,-73,-82.5,-41.57,-51.5,0,-59.83,-33.77,-56.18,-58.5,-67,-58,0,-72,-80,-51.91,-72.52,-32.25,-72.23,0,-62.14
0,-51,-41.82,-61.07,-53.25,-72.68,-46.44,0,-49.75,-67.13,-73.13,-85.67,-47,-51,0,-60,-32.5,-55,-58.61,-66.86,-58.75,0,-71.54,-78.57,-52,-73,-32,-72,0,-63
0,-51,-41.83,-61,-53.2,-73,-40,0,-46,-67.5,-76,-84,-40.79,-51.54,0,-59.68,-33.54,-55.68,-58.61,-66.75,-58.96,0,-71.36,-78,-52.36,-72.59,-32.36,-72.32,0,-62.21
0,-51,-38.5,-61,-53,-73.5,-47.07,0,-46.89,-67.32,-73.07,-85,-39.5,-50.5,0,-60,-33.5,-56,-58.82,-67,-58.77,0,-71.27,-78.42,-51.39,-72.93,-32.5,-72.54,0,-62.29
0,-49.5,-45.25,-61.5,-53,-73,-42,0,-51,-68.25,-72.5,-84.5,-39.82,-51.5,0,-60.14,-33.46,-55.93,-59,-67,-58.5,0,-72,-78,-52.61,-72.21,-32.21,-71.96,0,-62.14
0,-50.22,-41.29,-61.1,-53.27,-73.81,-50,0,-44.5,-68.5,-74,-87,-39,-49.5,0,-60.5,-35,-56,-58.65,-67.14,-59,0,-71.19,-82,-52.62,-72.33,-32.33,-71.95,0,-61.88
0,-49.42,-41.2,-60.91,-53.4,-74.47,-48.29,0,-50.33,-67.57,-72.5,-85.2,-43,-51,0,-60,-34,-56,-58.38,-67,-59.45,0,-71.32,-81.04,-51.91,-72.39,-32.17,-71.9,0,-62.08
0,-50.4,-42.31,-60.71,-53.33,-73.24,-45,0,-51,-66,-73,-86,-42.39,-51.07,0,-60.13,-33.61,-56.11,-58.2,-68,-59.33,0,-72,-81.33,-51.71,-72.29,-32.46,-72.5,0,-62.39
0,-50.32,-41.5,-60.75,-53.71,-74.11,-45,0,-50.5,-68,-74,-85,-41.04,-52.21,0,-60.04,-33.64,-56.07,-58.62,-67.42,-59,0,-71.42,-81.13,-51.96,-72.43,-32.36,-72.23,0,-62.14
0,-48.33,-41.68,-60.64,-53.29,-74.04,-45.5,0,-51,-68,-73,-86.33,-39.18,-50.22,0,-60,-34.2,-55.82,-58.5,-67.28,-59.16,0,-71.75,-81.46,-52,-72.09,-32.32,-72.32,0,-61.93
0,-50.61,-42.18,-60.57,-53.68,-73.68,-50,0,-51,-68.5,-73.5,-86,-46.5,-52,0,-60.5,-34,-56,-58.29,-66.93,-59.12,0,-71.83,-81.15,-51.61,-72.38,-32.25,-72.08,0,-61.93
0,-50.56,-39.7,-60.67,-53.45,-73.1,-48.39,0,-47.82,-67.61,-74.32,-86.71,-41,-51,0,-60.1,-34,-56,-58,-66,-59,0,-71.5,-80.5,-51.14,-72.93,-32.36,-72.21,0,-62.39
0,-53.25,-41.17,-60.25,-53.4,-70.5,-51.2,0,-48.14,-68,-77.33,-81.33,-41.82,-52.37,0,-58.38,-34.46,-56.71,-59,-68,-57,0,-71,-87,-53.63,-74.74,-32.64,-71.74,0,-62.96
0,-52.83,-41.27,-60.37,-53.74,-71.8,-47.47,0,-45.63,-69.11,-77.47,-81,-42.33,-51.67,0,-59,-34.8,-56.5,-58.6,-68.1,-57.18,0,-70.88,-88.86,-53.84,-76.8,-32.83,-71,0,-62.76
0,-52.09,-42.29,-60.86,-53.36,-73.18,-46.93,0,-50.15,-69.21,-76,-79.09,-42.18,-51.42,0,-58.79,-34.43,-56.71,-60,-68,-57,0,-71,-88.5,-53.38,-75.46,-32.29,-71.89,0,-62.39
0,-53,-42.5,-60,-53,-72,-51.91,0,-46.71,-69.48,-73.71,-79.29,-43.07,-52.22,0,-58.61,-34.57,-56.89,-58.5,-70,-56,0,-70,-81,-53.07,-73.18,-32.39,-71.04,0,-62.68
0,-53,-48,-60,-53,-71,-48.89,0,-47.18,-68.81,-74.52,-79.5,-42.57,-52.39,0,-58.36,-34.25,-56.93,-58.33,-68.5,-56.5,0,-70,-84.5,-53.25,-74.21,-32.68,-70.16,0,-62.36
0,-52.95,-40.68,-59.75,-52.33,-70.1,-51.07,0,-47.46,-69,-74.75,-78.25,-42.46,-51.42,0,-59.11,-34.18,-56.79,-58.2,-68.75,-56.75,0,-70,-85,-53.25,-75,-32.33,-70.67,0,-63.25
0,-53.36,-43.68,-59.63,-52.96,-69.55,-51.96,0,-49.12,-69.74,-74.17,-76.74,-40,-53,0,-59,-35,-57,-57.5,-69,-57,0,-70.5,-85,-52.26,-73.69,-32.56,-70.53,0,-63.36
0,-54,-39,-51,-53,-70,-52,0,-46,-69,-74,-76.5,-44,-53,0,-58.5,-35,-56,-58,-69,-56.5,0,-69.5,-85,-52.18,-74.19,-32.39,-70.81,0,-63.22
0,-52.82,-42.67,-60.2,-52.64,-70.18,-49.5,0,-48.68,-69.14,-75.5,-77.62,-42.79,-52.43,0,-58.61,-35.04,-56.96,-58.2,-68.36,-56.8,0,-69.71,-82.45,-52.89,-75,-32.47,-70.4,0,-63.2
0,-53.13,-44.25,-59.95,-52.74,-69.74,-42,0,-51,-69.5,-75,-78,-41.59,-52.35,0,-58.38,-33.93,-57,-58.5,-68.25,-56.8,0,-70,-82.5,-51.46,-75.58,-32.61,-69.95,0,-63.48
0,-53.25,-41.64,-60,-52.82,-69.57,-52,0,-46.5,-69,-75,-76,-48,-51.5,0,-58.5,-32,-57,-58.5,-68,-57,0,-69.5,-86,-52.04,-75.43,-32.39,-70.18,0,-62.96
0,-49.5,-39,-61,-54,-70,-49.61,0,-48.26,-69,-75.17,-76.68,-42.4,-52.58,0,-58.43,-34.67,-56.77,-57.75,-68,-57,0,-70.5,-88,-50.95,-75.21,-32.61,-71,0,-63.13
0,-52,-38.5,-61,-52,-74.5,-50.5,0,-50,-68,-79,-80.5,-39.5,-52.5,0,-58,-34.5,-56,-58.64,-69.57,-56.75,0,-70.79,-83.96,-51.5,-78,-33,-72,0,-62
0,-52.67,-41.3,-60.5,-53.2,-72.83,-51,0,-44.25,-70,-79,-80,-42.43,-51.96,0,-58.52,-34.32,-56.44,-58.36,-69,-56.86,0,-69.87,-84.16,-52.61,-79.4,-32.44,-70.63,0,-62.54
0,-55.67,-41.88,-59.6,-53.19,-67.05,-53.33,0,-51.33,-65.33,-71,-74.5,-39,-52,0,-59.5,-34.5,-56,-57.63,-66.36,-56.87,0,-73.47,-78.38,-52.59,-72.82,-32.58,-74.18,0,-62.68
0,-51.28,-39.85,-60,-52.93,-69.96,-46.52,0,-48.54,-67.35,-75.59,-82.67,-38,-52.5,0,-58,-34,-57,-57.92,-66.88,-56.77,0,-69.81,-79.55,-52.46,-75.11,-32.46,-70.12,0,-62.71
0,-51.95,-39.27,-60.13,-53.3,-70.11,-48.2,0,-48,-66.75,-77.14,-80.86,-39.54,-51.74,0,-58.32,-34.75,-57.04,-57.76,-66.72,-56.7,0,-69.78,-81,-52.95,-76.31,-32.54,-70.11,0,-62.6
0,-51.58,-41.31,-60.07,-53.07,-69.52,-47.39,0,-48,-67.5,-75.71,-80.64,-41.14,-52.14,0,-58.29,-34.57,-57,-58,-66,-56,0,-70,-83,-53,-73.5,-32,-71,0,-62
0,-50.5,-44.33,-59,-52.5,-69,-48.46,0,-48.84,-67.42,-75.57,-81.44,-41,-51.83,0,-58.26,-33.89,-56.71,-57.68,-67.56,-56.43,0,-69.81,-80.22,-54.5,-75.5,-32,-70.5,0,-63
0,-52.67,-38.6,-60,-53,-70.25,-45.94,0,-49.77,-69.13,-72.76,-80.79,-39.67,-51.75,0,-59,-34.67,-57,-59.38,-68.76,-57.5,0,-72.26,-81.45,-51.96,-72.61,-32.56,-71.8,0,-62.58
0,-51.04,-41.57,-60.61,-53.3,-70,-47.5,0,-50,-67.33,-73.37,-81.44,-39,-52.4,0,-58,-34.4,-57,-59.1,-67.91,-57.63,0,-71.8,-82.07,-53,-72.95,-32.43,-71.6,0,-62.65
0,-49.93,-38.82,-60.44,-53.07,-70.92,-43.33,0,-51,-66.5,-74,-83,-38.5,-52,0,-58,-33.67,-57,-59.29,-67.09,-57.43,0,-71.35,-82.06,-52.77,-73.5,-32.64,-71.1,0,-62.92
0,-51,-37,-61,-53,-71.5,-45,0,-47,-67.29,-74,-82,-39.32,-51.96,0,-58.29,-34.36,-56.93,-59,-67,-58,0,-71,-81,-52.89,-73.68,-32.25,-71.07,0,-62.46
0,-51.5,-37,-60,-52.5,-71.5,-42,0,-51,-67,-74,-81.5,-39.43,-52.46,0,-58.39,-34.11,-56.75,-59,-67,-57,0,-71,-81,-52.07,-73.33,-32.32,-70.57,0,-62.89
0,-50,-38.12,-61.08,-52.96,-71.39,-46.25,0,-52,-66.5,-73,-85.5,-38.89,-52.38,0,-58.64,-34.59,-56.93,-60,-68,-59,0,-73,-83,-51.78,-72.06,-32.71,-71.47,0,-62.46
0,-47.5,-38,-60,-53.5,-71,-47.89,0,-48.5,-66.89,-74.48,-81.75,-39.14,-52,0,-57.93,-34.54,-57.11,-59.1,-67,-58,0,-71.67,-81.67,-52.04,-73.43,-32.61,-71.14,0,-63
0,-50.92,-39.12,-60.22,-52.96,-70.3,-49.4,0,-46,-66.86,-74.67,-81.33,-40.29,-52.67,0,-58.33,-34.17,-57.29,-59,-67,-57.33,0,-72,-83,-50.57,-74.05,-32.61,-71.67,0,-62.76
0,-51,-42,-61,-53,-71.5,-46,0,-48.96,-66.89,-74.57,-81.96,-38.82,-51.86,0,-58.32,-34.32,-56.64,-59,-67,-57.5,0,-72,-82,-53,-75,-33,-72.5,0,-63
0,-51,-40.67,-61.5,-52.5,-71.5,-45,0,-49.5,-67,-73,-82,-38.5,-52,0,-58.5,-34,-57,-59.22,-69.62,-57.4,0,-72.6,-81.87,-52.56,-73.58,-32.5,-72.15,0,-62.93
0,-51.71,-40.96,-60.68,-53.17,-71.13,-47.64,0,-47.78,-70.53,-74.59,-80,-37.5,-53,0,-58,-35.5,-57,-59.46,-70.04,-57.5,0,-72.95,-81.89,-52.27,-73.79,-32.67,-72.24,0,-62.64
0,-50.29,-39.57,-61.13,-52.86,-71.4,-43.86,0,-49,-67.4,-75.5,-81.4,-39.4,-52,0,-58.44,-34,-57.11,-59.78,-67.56,-57.8,0,-72,-82.75,-51.32,-74.69,-32.43,-71.45,0,-62.75
0,-52,-38,-61.5,-53,-71,-46.32,0,-49.09,-67.11,-75.94,-81.1,-40.71,-52.15,0,-58.4,-34.57,-56.68,-60.36,-67.79,-58.04,0,-71.89,-81.68,-53,-74.5,-33,-71,0,-64
0,-50,-38.57,-61.6,-52.82,-72,-45.27,0,-50.58,-67.08,-75.4,-81.38,-39,-53.25,0,-59.04,-33.86,-56.57,-60.5,-67,-59,0,-71,-82,-51.54,-73.61,-32.5,-71.61,0,-62.61
0,-52,-39,-60.33,-53.33,-71,-44.5,0,-46.5,-65.5,-75,-82,-38.8,-52.4,0,-58.5,-34.8,-57.67,-59,-67,-57.25,0,-72.33,-83,-51.5,-75.26,-32.39,-71.5,0,-62.96
0,-50.85,-38.96,-60.6,-52.96,-71.36,-43.75,0,-48.89,-66.43,-75.4,-85,-38.93,-52.68,0,-58.18,-34.04,-56.86,-60,-67,-58,0,-70.5,-82,-51.89,-74.74,-32.79,-70.72,0,-62.75
0,-49.86,-41.57,-60.93,-52.93,-71.11,-50,0,-46,-67,-75.5,-81,-41.67,-52.5,0,-58.5,-34,-56,-59.96,-67.08,-57.8,0,-71.69,-79.76,-51.32,-74.14,-32.43,-70.95,0,-62.79
0,-49.83,-37.6,-61,-53,-73,-45.43,0,-48.21,-66.74,-75.39,-80.79,-39.39,-52.15,0,-58.18,-34.43,-56.79,-60,-67.33,-58,0,-71,-80,-49.79,-74.24,-32.57,-71.33,0,-62.68
0,-50.73,-38.67,-60.95,-53,-71.41,-45.7,0,-49.29,-66.65,-75.32,-80.24,-40.43,-52.48,0,-58.04,-34.25,-57,-59.6,-66.94,-57.53,0,-71.32,-80.86,-52,-74.5,-32,-71,0,-63
0,-50.67,-39.78,-60.67,-52.86,-71,-46.27,0,-48.08,-66.67,-75.3,-80.28,-40.14,-52.95,0,-58.23,-34.5,-57.37,-59,-67,-58,0,-71,-83,-51.93,-74.56,-32.42,-71.21,0,-62.6
0,-48.82,-39.89,-61.39,-52.71,-71.7,-46.22,0,-46.77,-66.44,-75,-80.22,-38.86,-52.26,0,-58.21,-34.61,-56.82,-60.27,-66.85,-57.77,0,-71.17,-79.75,-50.42,-74.1,-32.54,-70.65,0,-62.96
0,-49.67,-39.45,-61.36,-52.56,-71.68,-44.75,0,-49.43,-66.5,-74.5,-80.78,-39.42,-52.33,0,-58.3,-35,-56.8,-59.81,-67.5,-57.33,0,-70.67,-80.15,-50.78,-74.4,-32.25,-70.64,0,-63
0,-50.95,-40.43,-60.67,-52.95,-76.5,-46.2,0,-52.17,-70.5,-78,-84.5,-39,-53,0,-57,-34,-55,-60.15,-70.52,-57.17,0,-72.25,-76.67,-51.38,-75.67,-32.04,-71.73,0,-61.83
0,-52,-39,-60.5,-52,-77,-45,0,-52,-71,-78,-83,-39,-53.5,0,-57,-35.5,-56,-59,-72,-57,0,-73,-77.5,-52.15,-76.67,-31.89,-72.11,0,-61.7
0,-50.48,-41.64,-60.69,-52.84,-75.73,-50.5,0,-52.5,-71,-77.5,-85,-39.5,-53.5,0,-57.5,-34.67,-56.17,-60,-72,-57,0,-71.8,-76.6,-51.54,-76.22,-31.89,-71.47,0,-61.96
0,-50.5,-40.71,-60.87,-53.07,-75.08,-49.56,0,-52.33,-73,-78.38,-84.67,-41.86,-53.36,0,-57.13,-33.79,-56.32,-60,-72.17,-57,0,-72.36,-76.83,-51.86,-76.39,-32.04,-71.63,0,-61.79
0,-51.8,-39,-60.43,-53,-74.6,-50,0,-52,-73.4,-77.8,-84.33,-41.27,-52.91,0,-57.05,-33.82,-56.14,-59.8,-73.35,-57.14,0,-72.4,-77.4,-52,-76.5,-32,-71.4,0,-61.5
0,-50.75,-41.39,-60.85,-52.64,-75.39,-50,0,-52,-74,-77.5,-84,-40.63,-53.07,0,-56.8,-34.25,-56.2,-60,-71.44,-57,0,-72.1,-76.56,-51.15,-76.08,-31.82,-72,0,-61.82
0,-51.5,-47.5,-61,-52,-75,-50,0,-53,-72.5,-77,-84.5,-40,-53,0,-57,-34,-56,-60,-72.33,-57,0,-70,-77.5,-52.42,-75.16,-31.93,-71.65,0,-62.04
0,-52,-38,-60.5,-53.5,-76,-46.96,0,-52.18,-68.68,-74.36,-84.76,-46,-55.5,0,-58,-34,-56,-61,-68.5,-57.5,0,-73,-76.5,-53,-73,-32,-71,0,-62
0,-52,-38,-61,-53.5,-77,-50.5,0,-52,-68.5,-74,-83.5,-40.68,-53.11,0,-57.29,-33.89,-56.14,-60.11,-69.57,-57.18,0,-72.57,-75.64,-52.7,-73.23,-32,-71.87,0,-62.42
0,-51,-38,-61,-53,-76.5,-46.89,0,-52.38,-68.14,-74.4,-84,-42.04,-53.13,0,-57.43,-34.04,-56.14,-60.18,-68.73,-56.93,0,-72.04,-75.25,-52.69,-73,-32.25,-71.71,0,-62.39
0,-51.8,-37,-61,-52.67,-77.5,-51,0,-50.25,-69,-75,-85.5,-42.18,-52.77,0,-57.15,-33.57,-56.28,-60.5,-68,-56.67,0,-73,-76,-52,-73,-31.5,-72,0,-62.67
0,-50,-41.12,-60.77,-51.67,-76.41,-49.86,0,-52.18,-69.71,-75.14,-85.18,-41.18,-53.82,0,-57.32,-33.71,-56.07,-61,-70,-57,0,-72,-75.5,-53,-74,-32,-71,0,-63
0,-51.92,-40.71,-60.96,-52.65,-76.45,-47.67,0,-52.17,-71,-76.5,-84.25,-42.11,-52.94,0,-57.32,-33.68,-56.21,-59.82,-70,-57.45,0,-72.29,-76,-52.5,-74.67,-32.18,-71.83,0,-62.21
0,-51.5,-43.75,-60,-54,-75,-48.4,0,-52.2,-71.5,-77.25,-85,-41.11,-53.18,0,-57.21,-34.36,-56.25,-59.79,-71.08,-57.04,0,-72.79,-76.33,-51.93,-75.82,-32.07,-71.42,0,-61.86
0,-52,-43.33,-60.5,-53,-76.2,-50.4,0,-52.2,-69.67,-77,-84.75,-40.65,-52.52,0,-57.04,-33.74,-56.15,-59.96,-68.89,-56.96,0,-72.79,-75.32,-51.94,-75.31,-32.12,-71.83,0,-62.04
0,-50.44,-40.78,-60.71,-53.15,-75.69,-50,0,-52,-70,-78,-86,-41.04,-52.93,0,-57,-34.04,-56.18,-60,-70,-56.5,0,-72,-76,-52.14,-75.82,-32,-71.93,0,-62
0,-52,-39,-60.5,-53,-76.5,-47.91,0,-52.18,-67.64,-75.3,-84.3,-42.5,-54,0,-58,-34.5,-57,-59.75,-68.5,-57.18,0,-72.95,-75.68,-53,-75,-33.5,-74,0,-63
0,-50.5,-41.62,-60.5,-52.73,-76.5,-48.14,0,-52.21,-69.38,-76.46,-84.29,-42.82,-53.43,0,-57.22,-34.14,-56.32,-59.67,-70.5,-56.83,0,-72.8,-76.29,-51.86,-75.5,-32.21,-72,0,-62.25
0,-51.39,-41,-60.46,-52.78,-76.68,-46,0,-51,-70,-77,-86,-43.14,-53,0,-57.6,-33.4,-56.6,-59.79,-69.19,-56.78,0,-72.75,-75.79,-52.32,-75.58,-32.08,-71.82,0,-62.2
0,-52,-46,-61,-52,-77,-50,0,-53,-67.5,-75,-86,-42.15,-53.38,0,-57.23,-33.83,-56.09,-60,-68,-57,0,-72,-75,-52.52,-74.75,-31.92,-71.88,0,-62.58
0,-51.79,-41.17,-60.71,-53,-77,-50.5,0,-52,-67.8,-75.67,-84,-40.67,-52.5,0,-57.2,-34.25,-56.08,-60,-68.25,-57,0,-72.5,-75.33,-51.43,-74.14,-31.82,-71.54,0,-62.54
0,-52,-42,-61,-53,-77,-48,0,-52.25,-67.25,-74,-84,-40.93,-53.26,0,-57.33,-34.18,-56.14,-60,-68,-57,0,-72,-75,-52.71,-74.64,-31.82,-71.79,0,-62.54
0,-52,-47,-61,-53.5,-77,-47.17,0,-52.11,-67.44,-75.69,-83.44,-40,-53.19,0,-57.25,-34.3,-56.08,-60,-68,-56.5,0,-73.5,-75.5,-51.75,-74.32,-31.93,-71.71,0,-62.22
0,-52,-40,-60.5,-52.88,-77.14,-50,0,-52.22,-67.33,-75.25,-85.4,-40.1,-53.8,0,-57.27,-34.36,-56.17,-60.36,-67.96,-57.25,0,-73.11,-75.68,-52.79,-73.92,-32.07,-72.07,0,-62.39
0,-50.73,-40.27,-60.87,-53.25,-76.92,-49.33,0,-52,-66,-74,-84,-40.5,-51.5,0,-57,-35,-56,-59.7,-68.25,-57.17,0,-73,-75.64,-52.61,-73.5,-31.88,-72.44,0,-62.48
0,-51,-42.5,-60,-52,-77.5,-46.23,0,-51.92,-66.21,-73.77,-84.75,-39,-52.5,0,-57,-34,-56,-59.89,-66.74,-56.65,0,-73.63,-75.67,-52.68,-72.64,-32.16,-72.48,0,-62.47
0,-52,-43,-61,-53.5,-76,-47.48,0,-51.65,-67,-75.18,-84.55,-39,-54,0,-57.5,-34.5,-56,-59,-66,-57.5,0,-73,-76,-52.6,-73.58,-32.04,-72.12,0,-62.46
0,-50.17,-40.36,-60.63,-52.12,-76.68,-48.14,0,-51.7,-67.77,-75.81,-84.89,-42.22,-53.08,0,-57.25,-33.96,-56.52,-60,-68.29,-57,0,-72.5,-75.43,-53,-75,-32.5,-72,0,-62
0,-52,-41.63,-60.43,-52.57,-76.5,-49.56,0,-52,-67.64,-76,-85.41,-41.5,-52.96,0,-57.32,-33.86,-56.18,-59.86,-68,-56.86,0,-72.86,-76,-52.83,-75,-31.5,-72.2,0,-62.2
0,-51.68,-39.95,-60.61,-52.95,-77.16,-48.7,0,-51.59,-67.26,-75.67,-85.19,-40,-53,0,-56.5,-33.67,-56,-60,-69,-57,0,-72.5,-76,-52.6,-74,-32,-72,0,-62.33
0,-51.76,-42.04,-60.29,-52.5,-76.75,-49.33,0,-52,-68,-76.67,-85,-41.25,-52.94,0,-57.36,-34.21,-56.14,-60,-68.5,-56,0,-73.5,-76.5,-52.36,-75.17,-32.04,-72.11,0,-62.43
0,-52,-38,-61,-54,-77,-50,0,-39,-67,-74,-82,-45,-54,0,-58,-34.5,-56.5,-59.62,-67.41,-56.87,0,-73.46,-75.38,-52.14,-74.2,-32.23,-71.83,0,-62.05
0,-52,-38,-60,-54,-77,-50,0,-48,-67,-74.5,-83,-39.96,-52.93,0,-57.14,-34.29,-56.43,-59.86,-67.07,-57.11,0,-73.39,-75.54,-52.79,-73.43,-32.14,-72.5,0,-62.25
0,-51.29,-43.4,-61,-53.2,-76.75,-44.83,0,-50.36,-64.76,-72.89,-83.33,-39.8,-53,0,-57,-34.38,-56.4,-60,-67,-57.75,0,-73.08,-75.67,-52.42,-73.48,-31.88,-72,0,-62.54
0,-52,-42.86,-60.71,-52.14,-77.33,-39.5,0,-50.18,-64.58,-72.8,-82.63,-40.43,-53,0,-57.5,-34.11,-56.29,-59.37,-66.85,-57.29,0,-73.61,-75.46,-51,-73.35,-32.21,-72.46,0,-62.39
0,-50.64,-40.08,-60.44,-52.93,-77.15,-46.88,0,-52.25,-66.86,-75.13,-84.83,-40,-53,0,-57,-34.5,-56,-59.61,-67.35,-57.14,0,-73.42,-75.38,-52.21,-72.87,-31.73,-72.62,0,-62.63
0,-51.63,-41.71,-60.22,-53,-77.4,-46.29,0,-53,-67.83,-76.25,-84.5,-41.82,-52.67,0,-57.2,-34.18,-56,-60,-67.5,-57,0,-73,-76,-51.68,-75.14,-32.36,-72.08,0,-62.36
0,-49.77,-39.67,-58.91,-51.65,-75.83,-49.3,0,-52.22,-69.86,-77.12,-85.96,-40,-53,0,-57.25,-34.33,-56,-58.5,-68,-57,0,-73,-76.5,-50.95,-75.1,-32.12,-72.09,0,-62.29
0,-50.21,-41.46,-60.43,-52.82,-76.83,-50.33,0,-53,-68.5,-77,-85,-40,-53,0,-57.25,-34,-54,-60,-69,-57,0,-73,-76,-51.96,-74.07,-31.71,-72,0,-62.46
0,-49.87,-41.46,-60.52,-52.96,-76.65,-48.86,0,-52.05,-67.22,-75.81,-84.78,-41.09,-52.9,0,-57.12,-34.22,-56.2,-59.5,-68,-56.5,0,-73,-75.5,-52,-75,-32.5,-71,0,-61.5
0,-51.8,-39.6,-60.11,-52.7,-75.67,-47,0,-51.91,-68.43,-75.29,-83.88,-42.54,-52.5,0,-57.43,-34.05,-56.06,-59.45,-69.68,-57.17,0,-72.85,-76.36,-52.07,-74.88,-32,-72.23,0,-62.39
0,-57.55,-43.75,-66.64,-54.21,-68.95,-55.27,0,-50.9,-73.17,-81.8,-81.63,-43.92,-53,0,-59,-34.73,-54.9,-65.1,-75.76,-57.05,0,-76.2,-76.95,-53.88,-85.18,-32.68,-77.25,0,-62.31
0,-56.8,-42.86,-68.67,-54,-66.33,-54.86,0,-50.54,-74.64,-83.65,-81,-47.25,-53.21,0,-56.79,-34.36,-54.86,-67,-73.67,-56,0,-74.5,-76,-54.04,-84.21,-32.39,-74.69,0,-62.46
0,-57,-49,-67,-53,-68,-55.14,0,-51.11,-74.14,-87.22,-80.29,-46,-53,0,-57,-34.33,-55,-65.19,-73.91,-55.85,0,-73,-74.17,-53.75,-86.6,-32.36,-73,0,-62.71
0,-57.4,-45.43,-67.25,-53.88,-67.17,-55.5,0,-51.25,-72,-89,-80,-45.18,-53.57,0,-56.64,-34.64,-54.85,-65.5,-72.3,-55.6,0,-74.19,-75.84,-54.14,-88.33,-32.61,-75.4,0,-62.68
0,-57.9,-46.2,-67.15,-54.64,-68.17,-55.71,0,-51.33,-73.43,-88,-81.5,-46.62,-53.5,0,-57,-34.2,-54.86,-65.67,-72.43,-55,0,-75,-75.33,-53.61,-88.29,-32.43,-75.83,0,-62.71
0,-57.57,-44.5,-67.18,-54.44,-68.5,-55.5,0,-52,-74,-88,-82,-41,-54.5,0,-58,-35.5,-56,-65.05,-69.07,-55.21,0,-75.25,-72.36,-53.95,-77.71,-32.54,-75.36,0,-62.82
0,-58,-48.5,-66,-55,-69,-55.06,0,-51.69,-68.62,-78.33,-77.64,-45.79,-54.04,0,-56.81,-34.93,-54.86,-65.64,-71.07,-55.71,0,-75.22,-76.08,-53.75,-78.21,-32.5,-75.29,0,-63.25
0,-56.18,-44.79,-68.75,-53.89,-66.63,-53.71,0,-49.08,-73.25,-81,-79.84,-48.67,-53.8,0,-57,-35.14,-55.33,-66.57,-78.43,-55.75,0,-74.5,-75.5,-53.68,-77.12,-32.43,-75.57,0,-62.29
0,-56.07,-43.61,-67.5,-53.82,-66.96,-54,0,-52,-70.5,-72,-81,-47.5,-53.5,0,-57,-35.5,-56,-66,-68,-55,0,-80,-80,-53,-72.5,-34,-79,0,-63
0,-56.5,-44.39,-67.63,-53.14,-66.46,-53.64,0,-51.62,-76.75,-77.3,-78.55,-46.71,-53.21,0,-55.8,-35.57,-54.89,-65,-75.4,-54.75,0,-74.5,-78.25,-52.46,-75.57,-32.75,-74.56,0,-62.43
0,-55.5,-45,-68.5,-49,-66,-53.5,0,-50,-70,-81,-78,-46.71,-53.38,0,-56.11,-34.8,-55.54,-65,-72.5,-55,0,-75,-74,-51.92,-80.09,-32.54,-76.43,0,-62.77
0,-56.18,-47.32,-66.83,-52.84,-66.8,-53.5,0,-52,-78,-81,-78,-46.46,-52.96,0,-56,-34.96,-55.29,-65,-77,-55,0,-75,-75,-51.5,-81.65,-32.54,-75.14,0,-62.57
0,-56,-47.5,-67.73,-52.86,-66.58,-53.64,0,-51.86,-78.16,-83,-80.47,-46.74,-53.46,0,-56.32,-34.58,-55.62,-65.33,-77.92,-55.43,0,-74.38,-76.92,-51.22,-81.87,-32.68,-75.14,0,-62.52
0,-55.95,-48.58,-67.15,-53.65,-66.95,-53.57,0,-51.04,-74.89,-82.92,-77.75,-48.25,-53,0,-56.75,-35,-55.6,-66.5,-67,-56,0,-80,-78,-52.75,-82,-32.88,-76.25,0,-62.74
0,-56.42,-48,-67.11,-55.33,-66.56,-53.68,0,-51.21,-78.39,-84.62,-76.56,-46.64,-53.64,0,-56.22,-34.8,-55.18,-65.29,-77.46,-54.89,0,-74.58,-76.89,-50.42,-83.64,-32.48,-75.13,0,-62.44
0,-56,-46.47,-67,-53.72,-66.75,-53.6,0,-51.64,-75.71,-85.38,-76.13,-47.64,-53.69,0,-56.14,-34.68,-55.43,-65.41,-78.33,-54.95,0,-74.76,-76.47,-51.64,-83.81,-32.29,-75.71,0,-62.32
0,-56.14,-44.92,-67.89,-53.88,-67.04,-53.39,0,-51,-70.07,-79.94,-80.43,-44.86,-53.31,0,-56.6,-34.33,-55.14,-66.07,-72.48,-55.35,0,-75.89,-75.75,-53.86,-77.33,-33,-76.71,0,-62.63
0,-56.05,-44.29,-67.72,-53.92,-66.71,-53.87,0,-50.29,-69.95,-74.81,-80.07,-42.89,-51.85,0,-54.32,-33.29,-53.29,-64.75,-70.67,-55.2,0,-74,-76.25,-53.5,-72,-32,-74.5,0,-63
0,-56,-49,-68,-54,-66.5,-53.29,0,-52.07,-73.25,-83.88,-77.25,-46.5,-53,0,-55,-33.5,-53,-65.68,-72.93,-55.79,0,-76,-80.07,-51.72,-83.15,-32.8,-76.38,0,-63
0,-55.5,-46.25,-67.42,-54.29,-66.61,-53,0,-51.46,-73.91,-83.5,-76.82,-46.25,-53.36,0,-56.29,-34.86,-55.13,-66,-73,-55.14,0,-75.53,-79.86,-53.15,-82.36,-32.62,-77,0,-62.82
0,-55.43,-46.69,-67.29,-53.68,-66.79,-53.5,0,-51.6,-74.46,-82.8,-76.91,-46.8,-52.5,0,-56.25,-34.83,-55.22,-65.5,-74.11,-54.91,0,-76.05,-79.05,-51.61,-82.24,-32.29,-76.07,0,-62.89
0,-56.24,-43.12,-67.52,-53.65,-67.53,-53.61,0,-50.84,-70.39,-79.47,-77.81,-45.1,-53.56,0,-55.9,-34.5,-55.33,-66,-71.6,-54.2,0,-74.5,-72,-50.91,-79.14,-32.63,-75.29,0,-62.05
0,-56.19,-46.58,-67.58,-53.71,-67.4,-53.7,0,-51.39,-71.89,-80.92,-76.7,-46.61,-53.86,0,-55.9,-34.88,-55.4,-65.67,-72.33,-54.39,0,-74.89,-71.95,-51.19,-79.75,-32.43,-75.35,0,-62.23
0,-55.83,-45.82,-67.44,-53.38,-66.71,-53.46,0,-50.57,-77.79,-83.52,-76.11,-44.9,-53.86,0,-56,-35,-55.33,-65.54,-78.27,-54.5,0,-75,-74.47,-51.61,-83,-32.43,-75.64,0,-63.12
0,-55.82,-44.84,-67.48,-53.32,-67.55,-53.55,0,-50.59,-74.38,-80.92,-75.67,-45.71,-53.38,0,-56.04,-34.52,-55.32,-65.5,-75.5,-55,0,-75,-74,-51.77,-80.69,-32.64,-75.24,0,-62.38
0,-56.2,-44.25,-68.45,-53.33,-67.8,-53.57,0,-51.5,-70.21,-80,-76.83,-45.76,-53.57,0,-55.82,-34.68,-55.14,-66.77,-70.08,-54.73,0,-74.26,-71.3,-51.75,-79.36,-32.21,-74.04,0,-61.96
0,-55.5,-45.63,-67.94,-53.25,-66.62,-53,0,-51.79,-73.1,-84.25,-77.32,-44.68,-53.27,0,-56.24,-34.83,-55.32,-66,-77,-54.5,0,-73,-76,-52.29,-83.89,-33.39,-77.45,0,-63.41
0,-56.5,-45,-67.43,-53.6,-66.48,-53,0,-52,-79,-84,-75,-47.87,-53.11,0,-56.15,-34.86,-55.32,-65.6,-78.86,-55.13,0,-75.08,-75.75,-52.25,-83,-33.29,-76.32,0,-63.19
0,-55.89,-49,-67,-53.44,-66.67,-53.36,0,-51.6,-78.29,-84.44,-76.04,-47.75,-53.44,0,-56.1,-34.71,-55.17,-65.57,-77.82,-55.25,0,-74.82,-76.11,-52.29,-83.79,-33.29,-76.36,0,-63.21
0,-56.09,-47.05,-67.22,-53.63,-66.4,-53.5,0,-51,-78,-84,-76,-46.25,-53,0,-56.08,-34.64,-55.38,-65.5,-78.71,-55.33,0,-75.21,-75.73,-51.77,-84.14,-33.1,-76.12,0,-62.92
0,-56,-50,-67.4,-54.67,-67,-53.62,0,-51.72,-77.9,-85,-76.05,-43.14,-53.45,0,-56.04,-34.92,-55.27,-65.88,-77.29,-55.25,0,-75,-76.35,-50.55,-82.13,-31.76,-74.83,0,-61.72
0,-55.76,-45.08,-67.45,-53.48,-66.62,-53.35,0,-51.25,-78,-85,-76.12,-46.04,-53.35,0,-56.1,-34.73,-55.26,-65,-78,-55,0,-75,-76,-51,-83,-32.5,-73.5,0,-62
0,-56.09,-46.8,-67.17,-53.09,-66.7,-53.5,0,-52,-78.25,-83,-76,-47.08,-53.14,0,-56.11,-34.7,-55.39,-65.5,-78.5,-55.43,0,-75.08,-75.73,-51.23,-83.5,-31.86,-74.79,0,-61.76
0,-56.11,-45.96,-67.53,-53.29,-66.79,-53.36,0,-52.04,-77.27,-84.2,-76.61,-45.93,-53.75,0,-55.82,-34.9,-55.29,-65.89,-77.67,-55.4,0,-75.67,-76.5,-51.8,-82.25,-31.78,-74.67,0,-61.86
0,-55.75,-46,-68,-54.11,-67,-53,0,-52,-75.8,-87.5,-76.83,-45.52,-53.36,0,-56.07,-35,-55.5,-66.21,-73.87,-55.46,0,-77.17,-76.04,-51.75,-83.5,-32.5,-75.25,0,-61.25
0,-55.86,-47.18,-68.18,-53.5,-66.68,-52.93,0,-51.38,-70.56,-86,-77.38,-44.25,-54,0,-56.67,-34.75,-55.67,-66.18,-71.8,-55.36,0,-76.25,-79.8,-51,-84.14,-31.86,-75.04,0,-61.68
0,-56.36,-47,-67.67,-53.67,-66.79,-53,0,-52,-78.5,-81.5,-76.5,-47.04,-53.57,0,-55.96,-35.04,-55.11,-65.53,-77.4,-54.9,0,-75.21,-74.95,-52,-83.33,-31,-75,0,-60.5
0,-56.38,-44.45,-67.5,-53.56,-67.2,-53.38,0,-51.45,-77.33,-85.5,-76.11,-48.73,-53.42,0,-55.91,-34.85,-54.79,-65.63,-78.33,-55.5,0,-74.78,-74.38,-51.6,-84.2,-32,-74.2,0,-61.55
0,-56.24,-46.14,-67.13,-53.43,-67.08,-53.45,0,-51,-76.27,-83.89,-75.3,-45.57,-53.5,0,-55.58,-34.82,-55.18,-66,-76.31,-54.75,0,-74.81,-73.29,-50.86,-81.76,-31.71,-74.42,0,-61.36
0,-55,-48.86,-67.8,-54.33,-66.33,-53,0,-52,-77.5,-87,-77,-43.29,-53.26,0,-56.16,-35.2,-55.48,-66.32,-76.54,-55.57,0,-75.81,-77.39,-51.57,-84.25,-31.67,-75.4,0,-61.57
0,-55.4,-43,-67.63,-53.22,-66.57,-53.57,0,-51.75,-77.07,-85.82,-75.5,-46.24,-53.71,0,-56.29,-34.71,-55.32,-65.83,-77.86,-55.46,0,-75.09,-76.25,-51.53,-84.58,-31.86,-75.29,0,-61.68
0,-56.2,-46.78,-67.61,-53.6,-67.17,-53.45,0,-51.5,-78.05,-84.38,-76.63,-44.25,-53.33,0,-56,-34.75,-55.33,-66.04,-78.26,-54.87,0,-74.91,-75.05,-51.52,-83.55,-31.5,-74.94,0,-61.52
0,-56,-46.62,-67.64,-54.4,-66.29,-53.75,0,-49.96,-78.25,-84.82,-76.14,-45.86,-53.56,0,-56.36,-34.96,-55.11,-66,-78.5,-55,0,-75.2,-75.22,-51.96,-84,-31.32,-74.61,0,-61.61
0,-55.88,-44.64,-67.91,-53.48,-66.71,-53.32,0,-51.8,-73.69,-83.67,-78.38,-46.54,-53.61,0,-56.14,-34.68,-55.88,-66.5,-78.67,-55,0,-75.4,-75.5,-52.43,-82.64,-31.86,-75.18,0,-61.96
0,-54.33,-44.38,-66.6,-51.42,-65,-53,0,-51.61,-66.73,-82.8,-78.5,-43.58,-53.82,0,-56.18,-34.68,-55.46,-66.06,-69.43,-55.32,0,-75.06,-75.43,-50.63,-80.75,-31.61,-73.83,0,-61.39
0,-54.5,-47.67,-64,-51,-65.5,-53.39,0,-52.07,-76.18,-85,-76.78,-45.13,-54,0,-56.13,-34.78,-55.38,-65.78,-76.24,-55.25,0,-74.86,-76.04,-50.11,-83.57,-31.82,-74.92,0,-61.43
0,-53.92,-45.21,-65.38,-51.11,-64.81,-53.8,0,-52,-76,-84.2,-77,-46.89,-53.67,0,-56.05,-34.79,-55.38,-66,-75.55,-54.86,0,-74.93,-73.52,-50.96,-84,-31.64,-74.39,0,-61.52
0,-53.62,-44.14,-65.65,-51.29,-64.81,-53,0,-52,-78.33,-86.5,-76.5,-47.82,-53.6,0,-56.36,-34.63,-55.36,-66,-79,-55,0,-75,-75,-51.29,-83.43,-31.91,-74.62,0,-61.52
0,-55.57,-46.93,-67.53,-53.68,-67.21,-53.22,0,-51.91,-76,-86.14,-76.5,-46.75,-53.71,0,-56,-34.89,-55.37,-65.75,-77,-55.23,0,-75,-74.9,-50.25,-83.81,-31.68,-74.94,0,-61.68
0,-55.6,-46,-67.89,-54.71,-66.6,-53.4,0,-51.87,-75.85,-85.77,-76.7,-47.63,-53.45,0,-55.9,-34.96,-55.23,-65.63,-76.11,-55.22,0,-74.67,-74,-50.13,-83.5,-31.6,-74.3,0,-61.42
0,-56.15,-45.82,-67.29,-53.29,-67.13,-53.79,0,-50.71,-73,-84.75,-76.75,-47.33,-53.33,0,-56,-34.83,-55.25,-65.5,-73.09,-54.4,0,-74.8,-73.3,-50.78,-83,-31.43,-74.75,0,-61.57
0,-56,-45.4,-67.4,-53.29,-67,-53.81,0,-51.42,-71.17,-82.68,-76.77,-49.33,-54,0,-56.13,-35.14,-55.75,-65.74,-71.33,-54.64,0,-74.67,-72.67,-52,-80.5,-31.2,-74,0,-61
0,-54.78,-44.44,-66.5,-52.36,-65.5,-53.4,0,-51.75,-74,-84.76,-76.5,-47.83,-53.73,0,-55.69,-34.94,-55.47,-66.29,-73.57,-54.64,0,-74.75,-73.5,-51,-83.27,-31.5,-74.24,0,-61.43
0,-53.71,-44.38,-65.95,-51.61,-64.57,-53.36,0,-50.13,-76.46,-87,-77.32,-48.5,-53,0,-56,-34,-55,-65.91,-76.67,-54.86,0,-74.33,-74.71,-50.23,-84.6,-31.21,-74.87,0,-61.67
0,-54,-42.93,-65.67,-51,-65.58,-54.06,0,-51.79,-74.82,-85.67,-77.56,-46.33,-53.64,0,-55.18,-34.67,-55.64,-65.56,-73.32,-54.71,0,-74.86,-73.89,-50.7,-83.17,-31.39,-74.48,0,-61.39
0,-53.75,-43,-64.25,-53,-65.25,-53.92,0,-52.43,-72.62,-84.45,-77.15,-46.12,-53.52,0,-55.6,-34.43,-55.2,-66,-72,-54.25,0,-74.75,-72.8,-50,-81.93,-31.22,-74.29,0,-61.19
0,-53.24,-43.64,-65.64,-50.78,-65.04,-54.04,0,-51.54,-73.58,-85,-77,-46.27,-52.77,0,-55.8,-34.82,-55.15,-65.75,-72.89,-54.82,0,-74.86,-73.28,-50.79,-82.88,-31.36,-74.31,0,-61.42
0,-54,-48,-65,-51,-65,-53.82,0,-52.31,-73.92,-85.7,-77,-46.3,-53.45,0,-55.86,-34.9,-55.28,-65.89,-72.73,-54.68,0,-74.93,-73.15,-50.48,-83.47,-31.54,-74.53,0,-61.45
0,-53.79,-44.2,-65.33,-51.79,-65.11,-54.04,0,-52.18,-74.86,-86.54,-76.88,-45.86,-53.84,0,-56.25,-34.71,-55.77,-65.44,-74.1,-54.25,0,-75.38,-73,-50.77,-84.47,-31.7,-74.42,0,-61.5
0,-53.67,-44.68,-65.67,-51.08,-65,-54,0,-51,-76,-85.5,-78,-44.83,-53.5,0,-55.35,-35,-55.5,-66,-76.47,-54.86,0,-74.71,-74.68,-50.38,-86,-31.43,-75.2,0,-61.29
0,-53.29,-43.39,-66.21,-51.57,-64.89,-53.85,0,-51.21,-78.15,-87.6,-76.77,-46.5,-53.25,0,-56.5,-34.6,-55.25,-66.36,-76.43,-55.11,0,-75.86,-75.07,-52.21,-86.06,-33.29,-77.29,0,-63.5
0,-57.55,-43.75,-66.64,-54.21,-68.95,-55.27,0,-50.9,-73.17,-81.8,-81.63,-43.92,-53,0,-59,-34.73,-54.9,-65.1,-75.76,-57.05,0,-76.2,-76.95,-53.88,-85.18,-32.68,-77.25,0,-62.31
0,-56.8,-42.86,-68.67,-54,-66.33,-54.86,0,-50.54,-74.64,-83.65,-81,-47.25,-53.21,0,-56.79,-34.36,-54.86,-67,-73.67,-56,0,-74.5,-76,-54.04,-84.21,-32.39,-74.69,0,-62.46
0,-57,-49,-67,-53,-68,-55.14,0,-51.11,-74.14,-87.22,-80.29,-46,-53,0,-57,-34.33,-55,-65.19,-73.91,-55.85,0,-73,-74.17,-53.75,-86.6,-32.36,-73,0,-62.71
0,-57.4,-45.43,-67.25,-53.88,-67.17,-55.5,0,-51.25,-72,-89,-80,-45.18,-53.57,0,-56.64,-34.64,-54.85,-65.5,-72.3,-55.6,0,-74.19,-75.84,-54.14,-88.33,-32.61,-75.4,0,-62.68
0,-57.9,-46.2,-67.15,-54.64,-68.17,-55.71,0,-51.33,-73.43,-88,-81.5,-46.62,-53.5,0,-57,-34.2,-54.86,-65.67,-72.43,-55,0,-75,-75.33,-53.61,-88.29,-32.43,-75.83,0,-62.71
0,-57.57,-44.5,-67.18,-54.44,-68.5,-55.5,0,-52,-74,-88,-82,-41,-54.5,0,-58,-35.5,-56,-65.05,-69.07,-55.21,0,-75.25,-72.36,-53.95,-77.71,-32.54,-75.36,0,-62.82
0,-58,-48.5,-66,-55,-69,-55.06,0,-51.69,-68.62,-78.33,-77.64,-45.79,-54.04,0,-56.81,-34.93,-54.86,-65.64,-71.07,-55.71,0,-75.22,-76.08,-53.75,-78.21,-32.5,-75.29,0,-63.25
0,-56.18,-44.79,-68.75,-53.89,-66.63,-53.71,0,-49.08,-73.25,-81,-79.84,-48.67,-53.8,0,-57,-35.14,-55.33,-66.57,-78.43,-55.75,0,-74.5,-75.5,-53.68,-77.12,-32.43,-75.57,0,-62.29
0,-56.07,-43.61,-67.5,-53.82,-66.96,-54,0,-52,-70.5,-72,-81,-47.5,-53.5,0,-57,-35.5,-56,-66,-68,-55,0,-80,-80,-53,-72.5,-34,-79,0,-63
0,-56.5,-44.39,-67.63,-53.14,-66.46,-53.64,0,-51.62,-76.75,-77.3,-78.55,-46.71,-53.21,0,-55.8,-35.57,-54.89,-65,-75.4,-54.75,0,-74.5,-78.25,-52.46,-75.57,-32.75,-74.56,0,-62.43
0,-55.5,-45,-68.5,-49,-66,-53.5,0,-50,-70,-81,-78,-46.71,-53.38,0,-56.11,-34.8,-55.54,-65,-72.5,-55,0,-75,-74,-51.92,-80.09,-32.54,-76.43,0,-62.77
0,-56.18,-47.32,-66.83,-52.84,-66.8,-53.5,0,-52,-78,-81,-78,-46.46,-52.96,0,-56,-34.96,-55.29,-65,-77,-55,0,-75,-75,-51.5,-81.65,-32.54,-75.14,0,-62.57
0,-56,-47.5,-67.73,-52.86,-66.58,-53.64,0,-51.86,-78.16,-83,-80.47,-46.74,-53.46,0,-56.32,-34.58,-55.62,-65.33,-77.92,-55.43,0,-74.38,-76.92,-51.22,-81.87,-32.68,-75.14,0,-62.52
0,-55.95,-48.58,-67.15,-53.65,-66.95,-53.57,0,-51.04,-74.89,-82.92,-77.75,-48.25,-53,0,-56.75,-35,-55.6,-66.5,-67,-56,0,-80,-78,-52.75,-82,-32.88,-76.25,0,-62.74
0,-56.42,-48,-67.11,-55.33,-66.56,-53.68,0,-51.21,-78.39,-84.62,-76.56,-46.64,-53.64,0,-56.22,-34.8,-55.18,-65.29,-77.46,-54.89,0,-74.58,-76.89,-50.42,-83.64,-32.48,-75.13,0,-62.44
0,-56,-46.47,-67,-53.72,-66.75,-53.6,0,-51.64,-75.71,-85.38,-76.13,-47.64,-53.69,0,-56.14,-34.68,-55.43,-65.41,-78.33,-54.95,0,-74.76,-76.47,-51.64,-83.81,-32.29,-75.71,0,-62.32
0,-56.14,-44.92,-67.89,-53.88,-67.04,-53.39,0,-51,-70.07,-79.94,-80.43,-44.86,-53.31,0,-56.6,-34.33,-55.14,-66.07,-72.48,-55.35,0,-75.89,-75.75,-53.86,-77.33,-33,-76.71,0,-62.63
0,-56.05,-44.29,-67.72,-53.92,-66.71,-53.87,0,-50.29,-69.95,-74.81,-80.07,-42.89,-51.85,0,-54.32,-33.29,-53.29,-64.75,-70.67,-55.2,0,-74,-76.25,-53.5,-72,-32,-74.5,0,-63
0,-56,-49,-68,-54,-66.5,-53.29,0,-52.07,-73.25,-83.88,-77.25,-46.5,-53,0,-55,-33.5,-53,-65.68,-72.93,-55.79,0,-76,-80.07,-51.72,-83.15,-32.8,-76.38,0,-63
0,-55.5,-46.25,-67.42,-54.29,-66.61,-53,0,-51.46,-73.91,-83.5,-76.82,-46.25,-53.36,0,-56.29,-34.86,-55.13,-66,-73,-55.14,0,-75.53,-79.86,-53.15,-82.36,-32.62,-77,0,-62.82
0,-55.43,-46.69,-67.29,-53.68,-66.79,-53.5,0,-51.6,-74.46,-82.8,-76.91,-46.8,-52.5,0,-56.25,-34.83,-55.22,-65.5,-74.11,-54.91,0,-76.05,-79.05,-51.61,-82.24,-32.29,-76.07,0,-62.89
0,-56.24,-43.12,-67.52,-53.65,-67.53,-53.61,0,-50.84,-70.39,-79.47,-77.81,-45.1,-53.56,0,-55.9,-34.5,-55.33,-66,-71.6,-54.2,0,-74.5,-72,-50.91,-79.14,-32.63,-75.29,0,-62.05
0,-56.19,-46.58,-67.58,-53.71,-67.4,-53.7,0,-51.39,-71.89,-80.92,-76.7,-46.61,-53.86,0,-55.9,-34.88,-55.4,-65.67,-72.33,-54.39,0,-74.89,-71.95,-51.19,-79.75,-32.43,-75.35,0,-62.23
0,-55.83,-45.82,-67.44,-53.38,-66.71,-53.46,0,-50.57,-77.79,-83.52,-76.11,-44.9,-53.86,0,-56,-35,-55.33,-65.54,-78.27,-54.5,0,-75,-74.47,-51.61,-83,-32.43,-75.64,0,-63.12
0,-55.82,-44.84,-67.48,-53.32,-67.55,-53.55,0,-50.59,-74.38,-80.92,-75.67,-45.71,-53.38,0,-56.04,-34.52,-55.32,-65.5,-75.5,-55,0,-75,-74,-51.77,-80.69,-32.64,-75.24,0,-62.38
0,-56.2,-44.25,-68.45,-53.33,-67.8,-53.57,0,-51.5,-70.21,-80,-76.83,-45.76,-53.57,0,-55.82,-34.68,-55.14,-66.77,-70.08,-54.73,0,-74.26,-71.3,-51.75,-79.36,-32.21,-74.04,0,-61.96
0,-55.5,-45.63,-67.94,-53.25,-66.62,-53,0,-51.79,-73.1,-84.25,-77.32,-44.68,-53.27,0,-56.24,-34.83,-55.32,-66,-77,-54.5,0,-73,-76,-52.29,-83.89,-33.39,-77.45,0,-63.41
0,-56.5,-45,-67.43,-53.6,-66.48,-53,0,-52,-79,-84,-75,-47.87,-53.11,0,-56.15,-34.86,-55.32,-65.6,-78.86,-55.13,0,-75.08,-75.75,-52.25,-83,-33.29,-76.32,0,-63.19
0,-55.89,-49,-67,-53.44,-66.67,-53.36,0,-51.6,-78.29,-84.44,-76.04,-47.75,-53.44,0,-56.1,-34.71,-55.17,-65.57,-77.82,-55.25,0,-74.82,-76.11,-52.29,-83.79,-33.29,-76.36,0,-63.21
0,-56.09,-47.05,-67.22,-53.63,-66.4,-53.5,0,-51,-78,-84,-76,-46.25,-53,0,-56.08,-34.64,-55.38,-65.5,-78.71,-55.33,0,-75.21,-75.73,-51.77,-84.14,-33.1,-76.12,0,-62.92
0,-56,-50,-67.4,-54.67,-67,-53.62,0,-51.72,-77.9,-85,-76.05,-43.14,-53.45,0,-56.04,-34.92,-55.27,-65.88,-77.29,-55.25,0,-75,-76.35,-50.55,-82.13,-31.76,-74.83,0,-61.72
0,-55.76,-45.08,-67.45,-53.48,-66.62,-53.35,0,-51.25,-78,-85,-76.12,-46.04,-53.35,0,-56.1,-34.73,-55.26,-65,-78,-55,0,-75,-76,-51,-83,-32.5,-73.5,0,-62
0,-56.09,-46.8,-67.17,-53.09,-66.7,-53.5,0,-52,-78.25,-83,-76,-47.08,-53.14,0,-56.11,-34.7,-55.39,-65.5,-78.5,-55.43,0,-75.08,-75.73,-51.23,-83.5,-31.86,-74.79,0,-61.76
0,-56.11,-45.96,-67.53,-53.29,-66.79,-53.36,0,-52.04,-77.27,-84.2,-76.61,-45.93,-53.75,0,-55.82,-34.9,-55.29,-65.89,-77.67,-55.4,0,-75.67,-76.5,-51.8,-82.25,-31.78,-74.67,0,-61.86
0,-55.75,-46,-68,-54.11,-67,-53,0,-52,-75.8,-87.5,-76.83,-45.52,-53.36,0,-56.07,-35,-55.5,-66.21,-73.87,-55.46,0,-77.17,-76.04,-51.75,-83.5,-32.5,-75.25,0,-61.25
0,-55.86,-47.18,-68.18,-53.5,-66.68,-52.93,0,-51.38,-70.56,-86,-77.38,-44.25,-54,0,-56.67,-34.75,-55.67,-66.18,-71.8,-55.36,0,-76.25,-79.8,-51,-84.14,-31.86,-75.04,0,-61.68
0,-56.36,-47,-67.67,-53.67,-66.79,-53,0,-52,-78.5,-81.5,-76.5,-47.04,-53.57,0,-55.96,-35.04,-55.11,-65.53,-77.4,-54.9,0,-75.21,-74.95,-52,-83.33,-31,-75,0,-60.5
0,-56.38,-44.45,-67.5,-53.56,-67.2,-53.38,0,-51.45,-77.33,-85.5,-76.11,-48.73,-53.42,0,-55.91,-34.85,-54.79,-65.63,-78.33,-55.5,0,-74.78,-74.38,-51.6,-84.2,-32,-74.2,0,-61.55
0,-56.24,-46.14,-67.13,-53.43,-67.08,-53.45,0,-51,-76.27,-83.89,-75.3,-45.57,-53.5,0,-55.58,-34.82,-55.18,-66,-76.31,-54.75,0,-74.81,-73.29,-50.86,-81.76,-31.71,-74.42,0,-61.36
0,-55,-48.86,-67.8,-54.33,-66.33,-53,0,-52,-77.5,-87,-77,-43.29,-53.26,0,-56.16,-35.2,-55.48,-66.32,-76.54,-55.57,0,-75.81,-77.39,-51.57,-84.25,-31.67,-75.4,0,-61.57
0,-55.4,-43,-67.63,-53.22,-66.57,-53.57,0,-51.75,-77.07,-85.82,-75.5,-46.24,-53.71,0,-56.29,-34.71,-55.32,-65.83,-77.86,-55.46,0,-75.09,-76.25,-51.53,-84.58,-31.86,-75.29,0,-61.68
0,-56.2,-46.78,-67.61,-53.6,-67.17,-53.45,0,-51.5,-78.05,-84.38,-76.63,-44.25,-53.33,0,-56,-34.75,-55.33,-66.04,-78.26,-54.87,0,-74.91,-75.05,-51.52,-83.55,-31.5,-74.94,0,-61.52
0,-56,-46.62,-67.64,-54.4,-66.29,-53.75,0,-49.96,-78.25,-84.82,-76.14,-45.86,-53.56,0,-56.36,-34.96,-55.11,-66,-78.5,-55,0,-75.2,-75.22,-51.96,-84,-31.32,-74.61,0,-61.61
0,-55.88,-44.64,-67.91,-53.48,-66.71,-53.32,0,-51.8,-73.69,-83.67,-78.38,-46.54,-53.61,0,-56.14,-34.68,-55.88,-66.5,-78.67,-55,0,-75.4,-75.5,-52.43,-82.64,-31.86,-75.18,0,-61.96
0,-54.33,-44.38,-66.6,-51.42,-65,-53,0,-51.61,-66.73,-82.8,-78.5,-43.58,-53.82,0,-56.18,-34.68,-55.46,-66.06,-69.43,-55.32,0,-75.06,-75.43,-50.63,-80.75,-31.61,-73.83,0,-61.39
0,-54.5,-47.67,-64,-51,-65.5,-53.39,0,-52.07,-76.18,-85,-76.78,-45.13,-54,0,-56.13,-34.78,-55.38,-65.78,-76.24,-55.25,0,-74.86,-76.04,-50.11,-83.57,-31.82,-74.92,0,-61.43
0,-53.92,-45.21,-65.38,-51.11,-64.81,-53.8,0,-52,-76,-84.2,-77,-46.89,-53.67,0,-56.05,-34.79,-55.38,-66,-75.55,-54.86,0,-74.93,-73.52,-50.96,-84,-31.64,-74.39,0,-61.52
0,-53.62,-44.14,-65.65,-51.29,-64.81,-53,0,-52,-78.33,-86.5,-76.5,-47.82,-53.6,0,-56.36,-34.63,-55.36,-66,-79,-55,0,-75,-75,-51.29,-83.43,-31.91,-74.62,0,-61.52
0,-55.57,-46.93,-67.53,-53.68,-67.21,-53.22,0,-51.91,-76,-86.14,-76.5,-46.75,-53.71,0,-56,-34.89,-55.37,-65.75,-77,-55.23,0,-75,-74.9,-50.25,-83.81,-31.68,-74.94,0,-61.68
0,-55.6,-46,-67.89,-54.71,-66.6,-53.4,0,-51.87,-75.85,-85.77,-76.7,-47.63,-53.45,0,-55.9,-34.96,-55.23,-65.63,-76.11,-55.22,0,-74.67,-74,-50.13,-83.5,-31.6,-74.3,0,-61.42
0,-56.15,-45.82,-67.29,-53.29,-67.13,-53.79,0,-50.71,-73,-84.75,-76.75,-47.33,-53.33,0,-56,-34.83,-55.25,-65.5,-73.09,-54.4,0,-74.8,-73.3,-50.78,-83,-31.43,-74.75,0,-61.57
0,-56,-45.4,-67.4,-53.29,-67,-53.81,0,-51.42,-71.17,-82.68,-76.77,-49.33,-54,0,-56.13,-35.14,-55.75,-65.74,-71.33,-54.64,0,-74.67,-72.67,-52,-80.5,-31.2,-74,0,-61
0,-54.78,-44.44,-66.5,-52.36,-65.5,-53.4,0,-51.75,-74,-84.76,-76.5,-47.83,-53.73,0,-55.69,-34.94,-55.47,-66.29,-73.57,-54.64,0,-74.75,-73.5,-51,-83.27,-31.5,-74.24,0,-61.43
0,-53.71,-44.38,-65.95,-51.61,-64.57,-53.36,0,-50.13,-76.46,-87,-77.32,-48.5,-53,0,-56,-34,-55,-65.91,-76.67,-54.86,0,-74.33,-74.71,-50.23,-84.6,-31.21,-74.87,0,-61.67
0,-54,-42.93,-65.67,-51,-65.58,-54.06,0,-51.79,-74.82,-85.67,-77.56,-46.33,-53.64,0,-55.18,-34.67,-55.64,-65.56,-73.32,-54.71,0,-74.86,-73.89,-50.7,-83.17,-31.39,-74.48,0,-61.39
0,-53.75,-43,-64.25,-53,-65.25,-53.92,0,-52.43,-72.62,-84.45,-77.15,-46.12,-53.52,0,-55.6,-34.43,-55.2,-66,-72,-54.25,0,-74.75,-72.8,-50,-81.93,-31.22,-74.29,0,-61.19
0,-53.24,-43.64,-65.64,-50.78,-65.04,-54.04,0,-51.54,-73.58,-85,-77,-46.27,-52.77,0,-55.8,-34.82,-55.15,-65.75,-72.89,-54.82,0,-74.86,-73.28,-50.79,-82.88,-31.36,-74.31,0,-61.42
0,-54,-48,-65,-51,-65,-53.82,0,-52.31,-73.92,-85.7,-77,-46.3,-53.45,0,-55.86,-34.9,-55.28,-65.89,-72.73,-54.68,0,-74.93,-73.15,-50.48,-83.47,-31.54,-74.53,0,-61.45
0,-53.79,-44.2,-65.33,-51.79,-65.11,-54.04,0,-52.18,-74.86,-86.54,-76.88,-45.86,-53.84,0,-56.25,-34.71,-55.77,-65.44,-74.1,-54.25,0,-75.38,-73,-50.77,-84.47,-31.7,-74.42,0,-61.5
0,-53.67,-44.68,-65.67,-51.08,-65,-54,0,-51,-76,-85.5,-78,-44.83,-53.5,0,-55.35,-35,-55.5,-66,-76.47,-54.86,0,-74.71,-74.68,-50.38,-86,-31.43,-75.2,0,-61.29
0,-53.29,-43.39,-66.21,-51.57,-64.89,-53.85,0,-51.21,-78.15,-87.6,-76.77,-46.5,-53.25,0,-56.5,-34.6,-55.25,-66.36,-76.43,-55.11,0,-75.86,-75.07,-52.21,-86.06,-33.29,-77.29,0,-63.5
0,-54.13,-32.77,-62.41,-53.88,-65.7,-53.78,0,-53,-66.74,-72.46,-84.33,-34.33,-54.63,0,-60.71,-31.78,-55.71,-62,-65.91,-59.92,0,-76,-73.75,-55.7,-72.73,-31.04,-76.79,0,-64
0,-54.39,-32.86,-63.07,-53.61,-65.48,-53.46,0,-53.38,-69.26,-73.68,-81.58,-34.5,-54.14,0,-60.82,-32.39,-55.96,-62,-69,-59,0,-77,-75,-55.19,-74.32,-31.29,-77.91,0,-63.88
0,-54.86,-32.89,-63.14,-53.82,-65,-54.13,0,-53.57,-70.63,-75,-77.6,-34.21,-54.71,0,-60.86,-31.86,-55.89,-62,-69.5,-60,0,-76,-76,-54.92,-74.27,-30.64,-75.85,0,-63.52
0,-54.93,-32.57,-62.84,-53.5,-65.59,-54.36,0,-52.29,-72.96,-74.15,-75.87,-33.5,-54,0,-60,-31,-55.5,-62.5,-73,-60,0,-73,-77,-55,-74,-31,-74,0,-64
0,-55,-33,-63.4,-54,-65,-54.18,0,-52.86,-72.39,-74.61,-77.71,-34.67,-54,0,-60.5,-31.8,-56.25,-62.33,-74,-60,0,-74,-79,-55.25,-74.71,-30.96,-75.57,0,-62.89
0,-54.46,-32.68,-63.29,-54.21,-65.71,-54.04,0,-53.48,-71.55,-75.47,-78.12,-34.31,-54.27,0,-60.92,-32.13,-55.82,-62.79,-70.89,-60.32,0,-75.14,-78,-55.16,-75.45,-31.21,-76.13,0,-63.17
0,-54.54,-32.82,-63.21,-54.11,-65.71,-54,0,-51.75,-70.96,-75.35,-77.81,-34,-54,0,-61,-32,-56,-62.86,-70.71,-60,0,-74.86,-77.82,-56,-76,-31.5,-76,0,-63
0,-54.93,-32.5,-63,-53.64,-65.61,-54.37,0,-52.93,-76.04,-74.26,-76.16,-34,-54,0,-61,-33,-56,-63,-71,-60,0,-75.5,-79,-54.89,-74.52,-30.71,-73.17,0,-62.85
0,-54,-32.5,-63.5,-53,-66,-54.84,0,-52.8,-75.3,-78.84,-76.65,-34.75,-53.95,0,-60.27,-31.82,-56.04,-62.18,-74.78,-59.18,0,-71.14,-71.64,-54.93,-78.89,-30.29,-72.26,0,-63.3
0,-55.43,-32.71,-62.96,-53.5,-65.62,-54.46,0,-52.54,-77.86,-76.73,-75.61,-35,-53.88,0,-60.59,-31.82,-56.05,-62.18,-76.94,-59.54,0,-72.21,-73.21,-54.11,-77.6,-30.71,-72.5,0,-62.9
0,-55.11,-32.68,-62.46,-53.32,-65.54,-54.17,0,-53.38,-76,-73.86,-75.2,-34.67,-54.4,0,-60.5,-31.75,-55.67,-62.29,-75.96,-59.68,0,-72.5,-75.46,-55,-74,-31.33,-73.5,0,-62.5
0,-55.33,-32.5,-61.5,-53,-66.5,-55.2,0,-52.8,-79.33,-76.5,-74.75,-35.04,-54.18,0,-60.79,-31.54,-55.64,-63,-78.5,-59,0,-73,-73.67,-54.75,-76,-30.25,-73.33,0,-63
0,-54.87,-32.96,-62.5,-53.52,-65.48,-54.52,0,-51.96,-74.65,-74.95,-74.9,-34.2,-54.25,0,-60,-31.75,-55.8,-62.17,-78.5,-60.38,0,-72.2,-73.6,-54.8,-75.55,-31.14,-74.42,0,-63.04
0,-55.15,-33,-63.14,-54.04,-65,-54.22,0,-53.25,-72.13,-74.14,-75.83,-34.25,-54.36,0,-60.89,-31.79,-55.79,-62.36,-71.09,-60,0,-74.17,-76.35,-55,-74.57,-30.96,-75.59,0,-63.19
0,-54.88,-32.71,-62.82,-53.71,-65.5,-54.42,0,-52.67,-74.83,-74.83,-74.8,-34.71,-54.16,0,-60.62,-31.64,-55.9,-62.26,-74,-59.8,0,-73.45,-76.84,-54.78,-74.73,-30.96,-74.5,0,-63.05
0,-55.14,-33.07,-62.93,-53.64,-65.32,-54.25,0,-53,-71,-73,-76,-34.67,-55,0,-61,-32,-55.5,-62.33,-72,-59.78,0,-74.78,-78,-54.93,-74.73,-30.96,-74.94,0,-63.07
0,-57,-33.14,-62.83,-53.29,-65.5,-55.5,0,-53,-76.82,-81.64,-75.14,-34.86,-54.4,0,-60,-31.11,-56,-61.67,-75.33,-59.67,0,-71.5,-73.5,-54.5,-79,-31.25,-72,0,-63
0,-55.78,-33,-62.19,-53.23,-65.5,-54.63,0,-50.14,-78.8,-75.38,-74,-34.79,-54,0,-60.33,-31.54,-56.36,-61.96,-80.08,-59.58,0,-71.44,-75.4,-54.75,-76,-31,-73.5,0,-62.6
0,-55.27,-33.11,-63.94,-53.21,-65.46,-54.28,0,-53.18,-71.93,-78.14,-83.73,-34.68,-54.37,0,-60.14,-31.86,-56,-63.83,-70.88,-59.55,0,-69.82,-73.09,-54.68,-85.4,-31.14,-70.88,0,-63.65
0,-54.96,-32.29,-64.61,-53.29,-64.86,-54.11,0,-52.64,-77.18,-80.86,-79.75,-34,-54.5,0,-61,-32.5,-56.5,-65,-70,-60,0,-70,-79,-55,-82,-31.25,-71.43,0,-63.43
0,-55.04,-32.64,-63.21,-53.93,-65.96,-54,0,-54,-70.5,-81,-79.5,-34.39,-54.14,0,-60.71,-31.79,-55.71,-62.8,-71.48,-59.74,0,-74,-73.04,-56,-83.5,-30.5,-72.67,0,-64
0,-55.62,-33.07,-63.93,-53.39,-65.41,-55.12,0,-52.5,-78.41,-75.14,-74.13,-34.4,-54.25,0,-60.25,-31.4,-55,-63.43,-78.93,-59.79,0,-72.04,-72.96,-54.61,-75.52,-30.93,-73.22,0,-63.25
0,-55,-33,-64,-54.5,-66.5,-55.3,0,-53.14,-74.89,-78.39,-75.23,-34.73,-54,0,-60.41,-31.74,-55.64,-62.85,-73.89,-59.54,0,-71.82,-72.21,-54,-75,-31,-73,0,-63
0,-54.75,-33.36,-63.17,-53.85,-65.78,-54,0,-52.8,-71,-74.33,-79,-34.7,-54.25,0,-60.53,-31.62,-55.92,-62.89,-73.5,-59.91,0,-71.56,-72.22,-54.95,-72,-31.23,-75.88,0,-63.3
0,-54.04,-32.82,-62.21,-54.32,-65.88,-53.75,0,-52.61,-74.54,-73.68,-79.32,-34.89,-53.78,0,-60.5,-32.27,-56.1,-61.7,-72.59,-59.5,0,-73.04,-72.9,-55.81,-74.25,-31.29,-73.8,0,-63.36
0,-55.43,-32.89,-63.24,-53.25,-65.73,-54.83,0,-52.91,-78.18,-73.83,-75,-34.7,-53,0,-60.5,-31.58,-56.17,-63.18,-76.25,-59.68,0,-71.64,-72.93,-54.74,-75.5,-30.44,-72.6,0,-63.39
0,-55.4,-32.67,-63.4,-53.67,-65.5,-54.8,0,-52.33,-78,-74.5,-74.5,-34.46,-54.32,0,-60.68,-31.96,-56.07,-63.14,-78.48,-59.89,0,-72.23,-73.54,-54.61,-74.86,-31.25,-72.86,0,-63.07
0,-55.38,-33,-63.3,-53.25,-65.56,-54.71,0,-52.38,-79.06,-74.82,-74.33,-35,-53,0,-60.67,-32,-56,-62.82,-77.96,-59.79,0,-72.25,-73.57,-54.58,-75.21,-31.04,-73.24,0,-63.04
0,-55.33,-32.67,-63.5,-53,-65.5,-54.71,0,-52.5,-78.36,-74.96,-73.64,-35,-53.67,0,-61,-31,-56,-63.04,-78.39,-59.57,0,-72.32,-73.5,-54.89,-75.39,-30.39,-73.71,0,-63.11
0,-55.7,-32.46,-63.17,-53.26,-65.71,-54.7,0,-53,-78.8,-75,-74.39,-34.57,-54,0,-61.14,-31.58,-55.75,-62.5,-78.5,-59,0,-72,-74,-54.61,-75.57,-30.67,-72.63,0,-63.21
0,-55.67,-33.18,-63.14,-53.57,-65.69,-54.36,0,-52.91,-78.33,-75.6,-74.08,-34.64,-54.32,0,-60.71,-31.93,-56.18,-62.6,-77.6,-59.83,0,-72.29,-73.8,-54.82,-76.09,-30.54,-73.17,0,-63.11
0,-55.63,-33,-63.88,-54.11,-65.56,-54.57,0,-53,-76.89,-74.96,-74,-34,-54.5,0,-60,-32,-57,-62.68,-76.86,-60.04,0,-72.82,-74.5,-54.64,-75.52,-30.82,-73.8,0,-63.07
0,-55.24,-32.21,-63.4,-54,-65.44,-54.57,0,-52.14,-76.73,-74.35,-74.36,-34.31,-54.44,0,-60.84,-31.65,-55.75,-62.82,-76.23,-59.9,0,-73,-74.47,-54.89,-74.84,-30.68,-73.76,0,-63.04
0,-55.88,-32.82,-65,-52.78,-66.13,-55,0,-51.86,-78.5,-74.8,-74.25,-35.13,-54.33,0,-60.33,-31.38,-55.75,-63,-77.67,-59.5,0,-71,-71,-54.64,-75.07,-30.46,-72.63,0,-63.11
0,-56.16,-32.93,-63.12,-53.48,-66.1,-55.04,0,-52.33,-75,-77.79,-75.67,-34.93,-54.07,0,-60.32,-31.86,-55.96,-62.46,-74.52,-58.96,0,-71.5,-71.57,-53.5,-75,-30.75,-72,0,-63
0,-56.19,-32.88,-63.18,-53.71,-66.5,-54.62,0,-52.41,-78.71,-77.56,-75.13,-34.81,-54.15,0,-60.44,-31.84,-55.95,-62.75,-78.68,-59.54,0,-71.79,-72.4,-54.6,-77.82,-30.75,-72.6,0,-63.5
0,-56,-33,-63.43,-53.4,-66,-54.93,0,-53.04,-72.21,-79.14,-75.25,-34.6,-54,0,-60,-32,-56,-62.18,-72.07,-58.96,0,-71.68,-70.67,-54.46,-79.22,-30.39,-72.54,0,-63.39
0,-55.96,-32.96,-62.63,-53.52,-66.09,-54.77,0,-51.96,-73.83,-78.77,-75,-34,-52.5,0,-60,-32,-56,-61,-74.5,-59,0,-71,-71,-54.5,-78.56,-30.81,-72.77,0,-63.05
0,-56,-32.67,-63.67,-53.33,-66,-55,0,-53,-75.5,-78,-74.5,-34.29,-54.68,0,-60.73,-32.11,-55.89,-62.33,-78.26,-59.7,0,-72.1,-73.5,-54.46,-75.54,-30.64,-72.96,0,-63.07
0,-55.7,-32.61,-62.95,-53.82,-65.88,-54.6,0,-52.67,-78,-76.33,-74,-34.6,-54,0,-60,-32.6,-55.88,-62,-79,-61,0,-72,-73,-54.59,-77.32,-30.64,-72.37,0,-63.32
0,-55.75,-32.71,-62.67,-53.33,-66,-54.67,0,-52.88,-71.83,-79.2,-76.25,-34.26,-54.38,0,-59.95,-32.04,-56.21,-61.72,-71.64,-58.65,0,-71.14,-71.09,-54.54,-79.83,-30.85,-72,0,-63.45
0,-56,-33,-63,-53.67,-66,-54.7,0,-52.43,-75,-80.27,-76.68,-34.5,-54.8,0,-59.67,-32,-56.5,-62.11,-70.83,-58.6,0,-71,-70,-54.25,-79.63,-30.68,-72.79,0,-62.96
0,-55.64,-32.29,-63.39,-53.64,-65.89,-54,0,-53.5,-72,-75,-76.5,-34.4,-54,0,-60.67,-32,-55.75,-61.67,-73,-60,0,-74,-78.5,-54.5,-75.4,-31.2,-75,0,-63
0,-56.06,-33.08,-63.13,-53.41,-65.89,-55.22,0,-52.78,-76.67,-76.1,-75.22,-34.36,-54.67,0,-60.6,-31.96,-56,-62.64,-76,-59.5,0,-71.82,-72.8,-54.77,-76,-30.63,-73,0,-63.35
0,-56.04,-33.14,-62.92,-53.71,-66.14,-55.07,0,-53.21,-76.5,-75.52,-74.64,-34.93,-54.14,0,-60.33,-31.86,-55.75,-62.8,-76.22,-59.7,0,-71.67,-72.25,-54.64,-75.33,-31.04,-72.71,0,-63.08
0,-56,-33.17,-62.67,-53.73,-66.2,-55.18,0,-52.9,-73.92,-77.54,-75.43,-34.61,-54,0,-60.5,-32.52,-56.22,-62.75,-73.36,-59.74,0,-71.65,-71.95,-54.52,-77.33,-31.32,-73.08,0,-63.32
0,-56.25,-33.36,-63.15,-53.57,-66,-54.5,0,-52.5,-71,-77.5,-76,-34.5,-54.25,0,-59.9,-31.82,-55.71,-62.39,-72.05,-59.04,0,-71.36,-71.36,-54.39,-78.2,-31,-72.64,0,-63.5
0,-55.9,-33.56,-63.26,-53.67,-66.54,-55.25,0,-52.39,-73.56,-77.13,-75.63,-35,-54.91,0,-60.1,-32.33,-56.11,-62.25,-73.48,-59.52,0,-71.12,-72.11,-54.61,-77.79,-31.18,-72.72,0,-63.22
0,-56.13,-33.39,-63.21,-53.32,-65.92,-55,0,-52.63,-77.33,-76.2,-75,-34.75,-53.64,0,-60.23,-32.11,-56.25,-62.38,-75.13,-59.7,0,-71.7,-72.85,-54.62,-76.38,-31.29,-72.91,0,-63.32
0,-55.31,-32.84,-63.25,-53.08,-66,-55.15,0,-53.15,-75.4,-76.3,-74.7,-34.79,-54.05,0,-60.3,-32.04,-56.04,-62.63,-73.76,-59.74,0,-71.7,-72.48,-54.57,-76.54,-30.67,-73,0,-63.27
0,-56.48,-33.32,-62.6,-53.32,-66,-55.46,0,-52.18,-72.29,-77.38,-75.04,-34.75,-54.36,0,-60.25,-31.67,-55.89,-62.46,-71.64,-59.46,0,-71.21,-71.07,-54.33,-77.71,-31.33,-72.7,0,-63.33
0,-56.33,-32.67,-63,-53.33,-65.5,-55.4,0,-52.16,-71.83,-77.8,-75.38,-35,-54,0,-60.2,-32,-55.5,-62.68,-71.52,-58.8,0,-71,-71.22,-55,-78,-31,-73,0,-63.33
0,-56.07,-33.07,-63.15,-53.46,-66.13,-55.25,0,-52.5,-71.36,-78.21,-76.36,-35.13,-54.15,0,-60.42,-31.8,-56.25,-62.45,-71.04,-58.85,0,-71.52,-71.33,-54.54,-78.47,-30.54,-72.59,0,-63.5
0,-55.79,-32.75,-63.07,-53.5,-66.4,-54.96,0,-52.61,-70.93,-79.32,-76.5,-35,-54,0,-60,-31.5,-56,-62.61,-70.92,-58.96,0,-71.16,-70.5,-54,-79,-31.2,-72,0,-64
0,-56.17,-33.21,-63.25,-53.4,-66,-55.25,0,-53.36,-71.22,-77.88,-75.9,-35.14,-54.22,0,-60.26,-31.54,-56.08,-62.68,-70.8,-59.42,0,-71.09,-71.13,-54.62,-78.43,-31.04,-72.87,0,-63.52
0,-55.67,-33.75,-63.5,-54,-66,-55.29,0,-52.96,-72.79,-77.71,-74.82,-35.17,-54.2,0,-60,-32,-56,-62.5,-72.39,-59.36,0,-71.14,-71.39,-54.75,-79,-30.71,-71.67,0,-64
0,-55.8,-33.2,-63.12,-53.33,-66,-55,0,-53,-73,-77.5,-75,-35,-53.8,0,-60.36,-31.44,-56.28,-62.36,-74.71,-59.44,0,-71.32,-72.48,-54.88,-76,-31.26,-72.91,0,-63.15
0,-56.06,-33.21,-63.15,-53.61,-66.18,-55,0,-52.92,-72.75,-77.64,-75.09,-34.61,-54.41,0,-60.41,-31.36,-56.14,-62.5,-75.6,-59.38,0,-71.67,-73.06,-54.32,-77.55,-31.07,-73,0,-63.21
0,-55.5,-33,-62.71,-54,-66,-54.17,0,-53,-76,-76,-73.67,-34.54,-54.32,0,-60.29,-31.64,-56.04,-62.25,-76.57,-59.75,0,-71.36,-72.96,-54.64,-76.46,-31.11,-72.64,0,-63.04
0,-56.5,-38.5,-63,-50,-66,-54.46,0,-52,-76.82,-75.04,-74.75,-34.46,-54.11,0,-60.11,-31.71,-55.89,-62,-76,-59,0,-72,-74,-55,-78,-31,-74,0,-64
0,-55.54,-33.11,-63.46,-53.25,-65.81,-53.96,0,-52.83,-78.25,-74.43,-74.83,-34.5,-54.25,0,-60.58,-31.75,-55.78,-62.5,-78,-59.5,0,-71.5,-73,-54.77,-75.05,-31.07,-72.59,0,-63.17
0,-55.5,-33,-61.5,-53,-66,-54,0,-53.5,-78.5,-75,-74,-34.43,-54.32,0,-60.22,-31.61,-56.04,-62.58,-78.44,-59.82,0,-71.76,-74.5,-54.79,-74.68,-31.07,-72.94,0,-63.31
0,-52.79,-45.57,-58.93,-52.7,-65.93,-51.96,0,-45.56,-73.07,-71.89,-83.36,-44.33,-52.17,0,-62,-34.67,-57.83,-59.8,-74,-62.5,0,-76.25,-81,-53.4,-72,-33,-74,0,-62.2
0,-53,-46,-59.89,-53,-66.26,-52,0,-41,-73,-72,-90,-46.86,-51.68,0,-62.11,-34.96,-57.71,-60.57,-73.96,-62.96,0,-74.21,-80.81,-53.68,-72.29,-33.36,-72.95,0,-62.93
0,-52,-43.5,-61,-53,-63,-51.5,0,-48.75,-74,-69,-74,-42.68,-51.11,0,-61.5,-34.93,-57.54,-61.43,-72.96,-62.54,0,-70.79,-78.89,-54.07,-71.93,-33.43,-70.25,0,-62.54
0,-52,-42.5,-65,-53.33,-68,-51.96,0,-47.93,-74.36,-71.75,-75.32,-40,-51.5,0,-60,-36,-57,-65,-80,-62,0,-71,-74,-53.64,-71.61,-33.68,-69.25,0,-62.36
0,-53.2,-44.25,-61.33,-54.2,-66,-52.71,0,-45.96,-81.56,-71.67,-78.11,-48,-52,0,-60.5,-34,-58,-62.44,-82.76,-62.3,0,-72.72,-76.82,-54.26,-72.35,-33.54,-71.68,0,-62.9
0,-53,-46,-61.2,-53.5,-67,-52.6,0,-45.88,-82.69,-71.61,-77.13,-45.8,-51.67,0,-61.8,-35.25,-58.75,-62.39,-83.54,-62.11,0,-72.43,-76.18,-53.85,-72.07,-33.62,-72,0,-62.68
0,-52.67,-49,-62,-53.5,-66,-52.68,0,-45.89,-82.48,-71.85,-77.35,-47.46,-50.96,0,-61.64,-35.89,-57.32,-62.64,-83.24,-62.37,0,-72.48,-75.89,-54.58,-72.13,-33.67,-71.92,0,-62.42
0,-53,-44,-62.17,-53.83,-65.83,-52.67,0,-45.82,-82.5,-71.45,-76.67,-44.89,-51.38,0,-62.11,-35,-57.67,-62.78,-83.92,-62.11,0,-72.21,-75.86,-54.27,-71.59,-34.21,-71.52,0,-62.79
0,-53.07,-45.29,-61.8,-53.6,-66.43,-52.54,0,-47.96,-87,-71.82,-76.75,-46.14,-50.86,0,-62.17,-35.14,-57.64,-63,-87,-62,0,-72,-76,-54,-72.14,-33.61,-71,0,-62.75
0,-53,-41.5,-61,-53,-67,-52.33,0,-46.96,-86.44,-71.95,-76.35,-43.23,-51.33,0,-61.81,-35.24,-57.88,-62.5,-87.04,-62.39,0,-72.25,-76.07,-54.04,-71.87,-33.81,-71.32,0,-62.91
0,-53.11,-45.46,-61.9,-53.68,-65.93,-52.4,0,-47.89,-75.33,-75.86,-78.2,-43.15,-51.25,0,-61.41,-35.07,-57.62,-62.67,-88.33,-61.8,0,-72.17,-76,-54.07,-73.45,-33.82,-70.56,0,-62.71
0,-53.12,-42.5,-60.85,-53.32,-65.27,-52,0,-46.67,-77,-69.5,-73,-48,-53,0,-60,-35,-56.5,-61.89,-78.39,-62.54,0,-71.43,-77.39,-53.78,-72.2,-33.75,-71.11,0,-62.37
0,-52.93,-44.07,-61.22,-53.11,-66.33,-52.18,0,-47.93,-80.25,-71.61,-75.81,-45.88,-51.56,0,-61.88,-35.11,-57.5,-61.71,-80.81,-62.25,0,-72.93,-75.43,-53.39,-71.96,-33.68,-71.83,0,-63.54
0,-53.54,-44.54,-61.86,-52.43,-66.25,-52.57,0,-50.4,-82.4,-71.2,-74.75,-45.54,-51.17,0,-61.6,-34.96,-57.56,-62,-79.8,-62.13,0,-72.56,-75.38,-53.6,-71.62,-33.43,-71.94,0,-62.96
0,-53.25,-45,-61.39,-53.29,-66.22,-52.44,0,-48.71,-83,-70.67,-75.25,-46.42,-51.5,0,-61.95,-35.33,-57.76,-62.38,-84,-61.85,0,-72.04,-75,-53.11,-71.47,-33.71,-71.5,0,-62.75
0,-52.84,-43.18,-62.22,-53.73,-64.17,-51.64,0,-48.52,-72.16,-72.82,-80.94,-48.33,-51,0,-61,-35,-58,-61.5,-80.5,-61,0,-69,-75,-54.1,-72.79,-34,-70.5,0,-62.61
0,-53.18,-42.71,-61.71,-53.54,-65.11,-52.18,0,-47.36,-76.75,-72,-77.24,-48,-51,0,-61,-34.5,-57.33,-60.29,-75.22,-59.65,0,-69.26,-74.12,-53.75,-71.81,-33.57,-70.26,0,-62.11
0,-52.96,-42.25,-62.5,-52.61,-65.71,-52.39,0,-46.29,-77.31,-71.56,-75.14,-43.86,-51.29,0,-61.21,-35.18,-57.89,-60.75,-80.8,-59,0,-68.8,-75,-53.33,-71,-34,-70,0,-63
0,-53,-41,-62.5,-52.5,-66.33,-52.31,0,-47.86,-86.27,-71.13,-74.6,-43.2,-51.43,0,-61.52,-35.13,-57.5,-61,-84.4,-60.05,0,-69.74,-74.15,-53.31,-71.17,-33.58,-70.67,0,-62.92
0,-53,-43.5,-62.11,-53.44,-65.95,-52.38,0,-50.38,-77.5,-71.31,-73.75,-44.38,-51.29,0,-61.5,-35,-57.92,-63,-79,-62.5,0,-72,-78,-53.64,-71.71,-33.56,-70,0,-62.54
0,-53.95,-44.62,-62.04,-53.35,-65.59,-52.29,0,-48.2,-76.65,-71.11,-73.48,-43.14,-51.95,0,-61.04,-35.15,-57.74,-63.39,-78,-62.32,0,-71.46,-77.83,-53.96,-71.67,-33.89,-68.7,0,-62.91
0,-53.2,-39.25,-62.15,-53.36,-65.54,-52.67,0,-50,-76.5,-71,-73.33,-43.68,-52.16,0,-61.16,-34.9,-57.8,-63.4,-77.86,-62.71,0,-71.27,-77.6,-54,-71.6,-34,-69.55,0,-62.57
0,-53.11,-42.63,-62,-53.67,-66,-52.42,0,-49.29,-77.09,-70.96,-73.32,-44.89,-52,0,-61.12,-35.14,-57.96,-63.83,-78.6,-62.44,0,-71.68,-77.53,-54.15,-71.79,-33.61,-69.94,0,-62.33
0,-52.83,-44.62,-61.25,-53.68,-63.71,-50.25,0,-51.67,-73.67,-71,-77.17,-42.91,-51.86,0,-60,-35.67,-57.5,-62.85,-76.46,-62.64,0,-71.71,-80.19,-53.89,-71.63,-34.15,-70.47,0,-62.37
0,-53.07,-43.82,-61.37,-52.35,-65.7,-52.21,0,-48.21,-77.83,-71.11,-77.85,-45.29,-51.82,0,-61.24,-34.96,-57.75,-62,-79.14,-63.1,0,-72,-76.57,-52.96,-71.76,-33.74,-70.13,0,-62.65
0,-53.3,-42,-62.36,-52.43,-65.58,-52.24,0,-46.93,-73.38,-71.5,-76.57,-45,-52,0,-61.25,-35,-58,-63.5,-74.57,-62.18,0,-71.88,-77.25,-52.96,-72.28,-33.46,-70.61,0,-62.26
0,-53.68,-42.68,-62.16,-52.5,-65.63,-52.44,0,-47,-73.5,-71.45,-76.52,-45.27,-52.31,0,-61,-35,-58,-64,-74.5,-62,0,-71,-76.5,-51.71,-72.38,-33.46,-70.25,0,-62.57
0,-53.73,-44.52,-62.43,-52.52,-65.65,-52.67,0,-45.96,-73.5,-71.43,-76.31,-45.75,-51.87,0,-61.13,-35.15,-57.62,-63.11,-75.56,-62.19,0,-71.89,-77.18,-54,-74,-33.5,-68.5,0,-62
0,-53.5,-44.04,-62.18,-53.04,-65.63,-52.43,0,-47.33,-71,-72.17,-77.88,-44.5,-51.75,0,-61.11,-35.07,-57.71,-63.39,-73.36,-62.14,0,-71.68,-77.32,-53.38,-72.33,-33.46,-70.05,0,-62.52
0,-53,-44.36,-62.36,-51.75,-66.07,-51.67,0,-47,-72,-71,-77,-44.54,-52,0,-61.13,-35.27,-57.45,-63.37,-73.08,-62.14,0,-71.77,-77.16,-53.23,-72,-33.23,-69.92,0,-62.64
0,-53.25,-43.86,-62.18,-52.25,-65.89,-52.41,0,-48.75,-73.11,-71.3,-76.78,-46.63,-52,0,-61.25,-35.38,-57.75,-63.33,-74,-62.5,0,-72.27,-76.88,-53,-72,-33.25,-70,0,-62
0,-53.14,-46.11,-62.38,-53,-65.78,-52,0,-50,-73,-71,-77,-43.09,-51.57,0,-60.89,-35.21,-57.64,-63.24,-73.89,-62.07,0,-71.86,-77.29,-53,-72,-33,-71,0,-62
0,-53.21,-41.63,-62.17,-52.86,-66.14,-52.18,0,-48,-71.47,-71.61,-77.07,-44.32,-51.53,0,-61,-35.22,-57.56,-63.3,-73.6,-62,0,-71.6,-77.8,-53.11,-72.32,-33.24,-70.4,0,-62.54
0,-53,-44.35,-62.35,-53.38,-65.56,-52.24,0,-47.85,-72.06,-72,-77.94,-43.1,-50.58,0,-61.22,-35,-57.5,-63.5,-74,-62,0,-72,-77.5,-53.5,-71.92,-33.47,-69.89,0,-62.63
0,-52.79,-43.57,-61.86,-53,-65.52,-52,0,-47,-71.33,-72.5,-81,-44.07,-50.56,0,-61.04,-34.71,-57.71,-63.16,-73.23,-61.92,0,-70.85,-78.41,-53.46,-72.59,-33.18,-69.04,0,-62.75
0,-53.26,-44.08,-62.17,-53.04,-65.54,-51.79,0,-49.73,-71.47,-71.62,-77.37,-43.6,-48.67,0,-61,-34.75,-57.2,-63.5,-73.42,-61.73,0,-71.09,-77,-53.33,-72.14,-33.58,-69.36,0,-62.7
0,-52.75,-42.62,-62.21,-53,-65.82,-52,0,-46.67,-72,-72.5,-80,-42.88,-51.27,0,-61.07,-34.94,-57.76,-62.5,-73,-62,0,-71,-79,-53.43,-71.93,-33.24,-69.44,0,-62.71
0,-52.93,-43.07,-61.96,-53.36,-65.79,-53,0,-50.5,-70.5,-72,-79,-48,-52,0,-61,-35.75,-57.33,-63.25,-72.89,-61.89,0,-70.82,-77.46,-54,-73,-33,-69.5,0,-64
0,-53,-43.07,-62.39,-52.64,-65.75,-52.33,0,-43.67,-73,-71,-77,-44,-52,0,-61,-34.5,-59.5,-62.93,-73.71,-62.39,0,-71.64,-77.18,-53.32,-71.93,-33.25,-70,0,-62.78
0,-53.33,-43.12,-62.3,-53.07,-65.87,-52.3,0,-47.32,-72.27,-71.55,-76,-44.46,-51.86,0,-61.07,-34.86,-57.61,-63.46,-73.22,-61.91,0,-71.09,-77.6,-53.25,-72.38,-33.42,-69.57,0,-62.7
0,-53,-43.36,-62.29,-52.93,-65.7,-52.43,0,-47.82,-72.54,-71.75,-76.29,-40.67,-50.2,0,-61.2,-35.2,-58,-64.25,-74.75,-62.5,0,-70.67,-77,-53.46,-71.86,-33.54,-70.11,0,-62.59
0,-53.16,-43.75,-62.22,-53.25,-66.04,-52.22,0,-50,-72.89,-71.22,-75.7,-44.1,-51.83,0,-61.17,-34.91,-57.6,-63.31,-73.55,-61.88,0,-71.81,-77.56,-53.39,-72.38,-33.29,-69.78,0,-62.61
0,-53.09,-45.19,-62.18,-52.71,-65.83,-52.5,0,-43.67,-72,-71.5,-77,-43.47,-50.67,0,-61.44,-34.8,-57.47,-63,-73,-62,0,-71.5,-77.33,-53.39,-71.77,-33.39,-69.93,0,-62.5
0,-53.04,-43,-62.25,-53.07,-65.72,-52.36,0,-46.93,-72.46,-71.42,-76.78,-41,-52,0,-61,-35,-57.5,-63.73,-73.74,-61.75,0,-71.62,-77.04,-53.14,-72.04,-33.21,-69.82,0,-62.68
0,-53.57,-43.96,-62.19,-52.79,-65.67,-52,0,-51,-71.5,-72,-76,-44.57,-51.27,0,-61.39,-35.06,-57.74,-63.68,-73.5,-62.04,0,-71,-77.21,-53.29,-72.23,-33.32,-69.96,0,-62.75
0,-53.5,-39.4,-62.4,-52.86,-65.75,-52.09,0,-45.77,-72.18,-71.64,-77,-45.38,-51.86,0,-61.2,-34.91,-57.6,-63.76,-73.59,-61.67,0,-71.68,-77.04,-53.19,-71.69,-33.26,-69.73,0,-62.57
0,-54,-38,-62,-52,-66.5,-52,0,-50,-73,-71,-76.5,-42.43,-51.86,0,-61,-34.75,-57.5,-63.43,-73.71,-61.89,0,-71.82,-77.48,-53.18,-72.07,-33.86,-69.96,0,-62.68
0,-53.26,-43.68,-62.21,-52.5,-65.28,-51.96,0,-48.61,-74.71,-70.89,-75.61,-44.79,-50.73,0,-61.31,-35.29,-57.75,-63.5,-75,-62,0,-71.5,-77.67,-52.96,-71.28,-33.75,-70.45,0,-62.76
0,-53.38,-48.25,-62.29,-53.29,-66.08,-52.43,0,-48.5,-72.79,-71.26,-75.31,-41.75,-51.83,0,-61.3,-35.16,-58,-63.5,-73.36,-62.6,0,-71.63,-77.44,-53.42,-71.82,-34,-70.19,0,-62.5
0,-52.5,-39.5,-63,-51,-66,-52,0,-51,-72.5,-72,-76.5,-43.11,-51.54,0,-61.32,-34.93,-57.82,-64,-73,-62.5,0,-71,-78,-53.04,-71.93,-33.61,-69.64,0,-62.64
0,-53.25,-44.74,-62.5,-52.8,-65.88,-52.07,0,-46.61,-72.87,-71.57,-76.39,-44.07,-51,0,-61.13,-35.14,-57.81,-61.95,-72.19,-60.61,0,-70,-75.3,-53.61,-71.83,-33.71,-70.09,0,-62.86
0,-52.89,-42,-62.4,-52.64,-65.76,-52.53,0,-48.91,-73.69,-71,-75.96,-48,-51.6,0,-61.4,-34.75,-57.6,-61.05,-71.8,-59.4,0,-69.18,-74.33,-52.81,-71.53,-33.6,-70.33,0,-62.55
0,-52.94,-43.7,-62.05,-53,-66.15,-52.28,0,-49.18,-72.36,-71.68,-75.93,-45.75,-52,0,-61,-34.88,-57.64,-60.75,-72,-59.69,0,-69.53,-74.6,-53.19,-71.77,-33.82,-70.22,0,-62.32
0,-53.2,-45.36,-62.47,-52.33,-65.64,-52,0,-51,-73,-71,-75.5,-43.57,-51.43,0,-60.96,-35.07,-57.68,-61.14,-71.32,-59.64,0,-69.25,-74.82,-53.44,-71.75,-33.73,-70.29,0,-62.86
0,-53.22,-44.6,-62.13,-52.88,-65.8,-52.33,0,-48,-72.27,-71.35,-76.48,-43.68,-51.75,0,-61.17,-35,-57.68,-60.86,-71.16,-59.64,0,-68.61,-74.78,-53.24,-72.23,-33.79,-70.33,0,-62.73
0,-53.62,-43.5,-62.14,-53.09,-65.81,-53,0,-50.5,-72.5,-71,-76,-44.13,-49.75,0,-61,-34.18,-57.38,-61,-71.5,-59,0,-67.5,-75,-53.33,-71.67,-33.71,-70.08,0,-62.67
0,-53.13,-43.33,-61.86,-54,-65.71,-52.4,0,-48.31,-72.17,-71.56,-77,-43.47,-52,0,-61.26,-35.06,-57.61,-61.2,-70.83,-59.93,0,-68.6,-74.32,-53.25,-72.5,-33.75,-69.67,0,-62.8
0,-53.5,-40.5,-62,-52,-65.5,-52,0,-51,-71.5,-71,-72,-48,-51.33,0,-61,-35,-57,-60.71,-70.5,-59.43,0,-68.75,-74.96,-53.32,-71.89,-33.29,-69.48,0,-62.5
0,-53.5,-48.5,-61.5,-53,-65.5,-52.36,0,-47.39,-73.18,-71.61,-75.96,-43.5,-51.89,0,-61.11,-34.82,-57.29,-61.04,-71.86,-59.57,0,-69.25,-74.68,-54,-73,-33.5,-70,0,-63
0,-53.14,-43.18,-62.26,-52.38,-66,-52.18,0,-46.54,-73.21,-71.41,-75.93,-44.36,-51.45,0,-61.4,-34.91,-58,-61,-71.82,-59.62,0,-69.8,-75,-53.11,-71.88,-33.11,-70.13,0,-62.57
0,-52.57,-39.89,-62.25,-53.25,-66,-52.6,0,-47.57,-71.4,-71.5,-77,-44.39,-51.04,0,-61.18,-34.89,-57.75,-60.82,-71.14,-59.79,0,-69,-74.64,-53,-71.91,-33.36,-69.86,0,-62.75
0,-53.47,-42.24,-62.56,-53.08,-65.82,-52.33,0,-48.5,-72.06,-71.27,-76.86,-44.09,-52.11,0,-61.14,-35.33,-57.88,-61,-71,-59,0,-68.8,-75,-54,-71.5,-33.17,-70,0,-62
0,-53.28,-44.16,-62.26,-53,-65.53,-52.63,0,-48.39,-74,-71.09,-75.5,-43.42,-50.27,0,-61.32,-35,-57.86,-60.87,-73.25,-59.69,0,-69.57,-74.38,-53.04,-71.86,-33.43,-70.72,0,-62.43
0,-53.63,-38.33,-62.1,-52.78,-65.89,-52.57,0,-45.5,-73.17,-71,-76.13,-40,-52,0,-61,-35.5,-57.5,-60.89,-71.71,-59.59,0,-69.61,-74.61,-53.1,-72,-33.78,-70.29,0,-62.25
0,-52.67,-39,-62.33,-53.22,-66,-52.2,0,-48,-74.4,-71,-75.72,-43.32,-50.39,0,-61.06,-34.89,-57.79,-61.5,-72,-59.67,0,-69,-75,-52.72,-71.63,-33.25,-70.2,0,-62.5
0,-53.33,-44.42,-62.09,-52.67,-65.72,-52.43,0,-46.06,-74.6,-71.17,-74.8,-43.59,-50.35,0,-61.04,-35.04,-57.6,-61.29,-72,-60,0,-69.29,-74.71,-52.63,-71.17,-33.56,-70.1,0,-62.65
